/*Poblando VEHICULOS*/

INSERT INTO VEHICULOS (MARCA, MODELO, YEAR_VEHICLE)VALUES('Toyota','Prius','1997');
INSERT INTO VEHICULOS (MARCA, MODELO, YEAR_VEHICLE)VALUES('Toyota','Supra','1978');
INSERT INTO VEHICULOS (MARCA, MODELO, YEAR_VEHICLE)VALUES('Toyota','Crown','1955');
insert into VEHICULOS (MARCA, MODELO, YEAR_VEHICLE) values ('Ford', 'Econoline E350', '2000');
insert into VEHICULOS (MARCA, MODELO, YEAR_VEHICLE) values ('Ford', 'F150', '1975');
insert into VEHICULOS (MARCA, MODELO, YEAR_VEHICLE) values ('Aston Martin', 'DBS', '2008');
insert into VEHICULOS (MARCA, MODELO, YEAR_VEHICLE) values ('Ford', 'Escort', '1993');
insert into VEHICULOS (MARCA, MODELO, YEAR_VEHICLE) values ('GMC', '2500 Club Coupe', '1997');
insert into VEHICULOS (MARCA, MODELO, YEAR_VEHICLE) values ('Dodge', 'Durango', '1999');
insert into VEHICULOS (MARCA, MODELO, YEAR_VEHICLE) values ('Dodge', 'Neon', '2001');
insert into VEHICULOS (MARCA, MODELO, YEAR_VEHICLE) values ('BMW', 'X3', '2011');
insert into VEHICULOS (MARCA, MODELO, YEAR_VEHICLE) values ('BMW', '745', 2002);
insert into VEHICULOS (MARCA, MODELO, YEAR_VEHICLE) values ('Nissan', 'Maxima', 1997);
insert into VEHICULOS (MARCA, MODELO, YEAR_VEHICLE) values ('Cadillac', 'STS-V', 2006);
insert into VEHICULOS (MARCA, MODELO, YEAR_VEHICLE) values ('Jeep', 'Wrangler', 1994);
insert into VEHICULOS (MARCA, MODELO, YEAR_VEHICLE) values ('Chevrolet', 'Traverse', 2012);
insert into VEHICULOS (MARCA, MODELO, YEAR_VEHICLE) values ('Ford', 'E150', 2006);
insert into VEHICULOS (MARCA, MODELO, YEAR_VEHICLE) values ('Mazda', 'MX-6', 1993);
insert into VEHICULOS (MARCA, MODELO, YEAR_VEHICLE) values ('Ford', 'F-Series', 1991);
insert into VEHICULOS (MARCA, MODELO, YEAR_VEHICLE) values ('Mitsubishi', 'Eclipse', 2001);
insert into VEHICULOS (MARCA, MODELO, YEAR_VEHICLE) values ('Studebaker', 'Avanti', 1963);
insert into VEHICULOS (MARCA, MODELO, YEAR_VEHICLE) values ('Mazda', 'Miata MX-5', 1996);
insert into VEHICULOS (MARCA, MODELO, YEAR_VEHICLE) values ('BMW', '760', 2003);
insert into VEHICULOS (MARCA, MODELO, YEAR_VEHICLE) values ('GMC', 'Sierra 3500', 2002);
insert into VEHICULOS (MARCA, MODELO, YEAR_VEHICLE) values ('Mercedes-Benz', 'S-Class', 2010);
insert into VEHICULOS (MARCA, MODELO, YEAR_VEHICLE) values ('Pontiac', 'Daewoo Kalos', 2005);
insert into VEHICULOS (MARCA, MODELO, YEAR_VEHICLE) values ('Acura', 'Legend', 1992);
insert into VEHICULOS (MARCA, MODELO, YEAR_VEHICLE) values ('Volkswagen', 'GTI', 1987);
insert into VEHICULOS (MARCA, MODELO, YEAR_VEHICLE) values ('GMC', 'Vandura 3500', 1994);
insert into VEHICULOS (MARCA, MODELO, YEAR_VEHICLE) values ('Toyota', 'Camry', 1992);
insert into VEHICULOS (MARCA, MODELO, YEAR_VEHICLE) values ('Pontiac', 'Firebird', 1995);
insert into VEHICULOS (MARCA, MODELO, YEAR_VEHICLE) values ('Toyota', 'Avalon', 2000);
insert into VEHICULOS (MARCA, MODELO, YEAR_VEHICLE) values ('Suzuki', 'Forenza', 2004);
insert into VEHICULOS (MARCA, MODELO, YEAR_VEHICLE) values ('Ford', 'Fiesta', 2011);
insert into VEHICULOS (MARCA, MODELO, YEAR_VEHICLE) values ('Chevrolet', 'Silverado', 2003);
insert into VEHICULOS (MARCA, MODELO, YEAR_VEHICLE) values ('Mitsubishi', 'Challenger', 1997);
insert into VEHICULOS (MARCA, MODELO, YEAR_VEHICLE) values ('Bentley', 'Continental GT', 2010);
insert into VEHICULOS (MARCA, MODELO, YEAR_VEHICLE) values ('Chevrolet', 'Suburban 2500', 2012);
insert into VEHICULOS (MARCA, MODELO, YEAR_VEHICLE) values ('Toyota', 'Tundra', 2008);
insert into VEHICULOS (MARCA, MODELO, YEAR_VEHICLE) values ('Kia', 'Amanti', 2009);
insert into VEHICULOS (MARCA, MODELO, YEAR_VEHICLE) values ('GMC', 'Savana', 2011);
insert into VEHICULOS (MARCA, MODELO, YEAR_VEHICLE) values ('Chrysler', 'Cirrus', 1999);
insert into VEHICULOS (MARCA, MODELO, YEAR_VEHICLE) values ('Ford', 'Explorer', 1994);
insert into VEHICULOS (MARCA, MODELO, YEAR_VEHICLE) values ('Mazda', 'Millenia', 1996);
insert into VEHICULOS (MARCA, MODELO, YEAR_VEHICLE) values ('Lincoln', 'Continental', 1992);
insert into VEHICULOS (MARCA, MODELO, YEAR_VEHICLE) values ('Lamborghini', 'Gallardo', 2010);
insert into VEHICULOS (MARCA, MODELO, YEAR_VEHICLE) values ('Audi', 'A5', 2011);
insert into VEHICULOS (MARCA, MODELO, YEAR_VEHICLE) values ('BMW', 'M5', 2003);
insert into VEHICULOS (MARCA, MODELO, YEAR_VEHICLE) values ('Ford', 'F250', 2008);
insert into VEHICULOS (MARCA, MODELO, YEAR_VEHICLE) values ('Eagle', 'Talon', 1992);
insert into VEHICULOS (MARCA, MODELO, YEAR_VEHICLE) values ('Maybach', 'Landaulet', 2010);
insert into VEHICULOS (MARCA, MODELO, YEAR_VEHICLE) values ('Nissan', 'Pathfinder', 2008);
insert into VEHICULOS (MARCA, MODELO, YEAR_VEHICLE) values ('Infiniti', 'FX', 2004);
insert into VEHICULOS (MARCA, MODELO, YEAR_VEHICLE) values ('Mercury', 'Grand Marquis', 1991);
insert into VEHICULOS (MARCA, MODELO, YEAR_VEHICLE) values ('Acura', 'RL', 2010);
insert into VEHICULOS (MARCA, MODELO, YEAR_VEHICLE) values ('Suzuki', 'Sidekick', 1991);
insert into VEHICULOS (MARCA, MODELO, YEAR_VEHICLE) values ('Lamborghini', 'Murciélago', 2007);
insert into VEHICULOS (MARCA, MODELO, YEAR_VEHICLE) values ('Pontiac', 'GTO', 1971);
insert into VEHICULOS (MARCA, MODELO, YEAR_VEHICLE) values ('Lincoln', 'LS', 2004);
insert into VEHICULOS (MARCA, MODELO, YEAR_VEHICLE) values ('Kia', 'Soul', 2012);
insert into VEHICULOS (MARCA, MODELO, YEAR_VEHICLE) values ('Chevrolet', 'Avalanche', 2010);
insert into VEHICULOS (MARCA, MODELO, YEAR_VEHICLE) values ('Jaguar', 'S-Type', 2006);
insert into VEHICULOS (MARCA, MODELO, YEAR_VEHICLE) values ('Chrysler', '300', 2005);
insert into VEHICULOS (MARCA, MODELO, YEAR_VEHICLE) values ('Ford', 'Taurus', 2006);
insert into VEHICULOS (MARCA, MODELO, YEAR_VEHICLE) values ('Plymouth', 'Laser', 1989);
insert into VEHICULOS (MARCA, MODELO, YEAR_VEHICLE) values ('Honda', 'Pilot', 2009);
insert into VEHICULOS (MARCA, MODELO, YEAR_VEHICLE) values ('Dodge', 'Stealth', 1995);
insert into VEHICULOS (MARCA, MODELO, YEAR_VEHICLE) values ('BMW', '5 Series', 1995);
insert into VEHICULOS (MARCA, MODELO, YEAR_VEHICLE) values ('Dodge', 'Ram Van B150', 1994);
insert into VEHICULOS (MARCA, MODELO, YEAR_VEHICLE) values ('Mercury', 'Mountaineer', 1999);
insert into VEHICULOS (MARCA, MODELO, YEAR_VEHICLE) values ('Pontiac', 'Firefly', 1990);
insert into VEHICULOS (MARCA, MODELO, YEAR_VEHICLE) values ('Chevrolet', 'Corvette', 1988);
insert into VEHICULOS (MARCA, MODELO, YEAR_VEHICLE) values ('Jaguar', 'XF', 2012);
insert into VEHICULOS (MARCA, MODELO, YEAR_VEHICLE) values ('Dodge', 'Ram 1500 Club', 1997);
insert into VEHICULOS (MARCA, MODELO, YEAR_VEHICLE) values ('Lincoln', 'Town Car', 2002);
insert into VEHICULOS (MARCA, MODELO, YEAR_VEHICLE) values ('Ford', 'Bronco', 1991);
insert into VEHICULOS (MARCA, MODELO, YEAR_VEHICLE) values ('Chevrolet', 'Tahoe', 2002);
insert into VEHICULOS (MARCA, MODELO, YEAR_VEHICLE) values ('GMC', 'Yukon XL 2500', 2006);
insert into VEHICULOS (MARCA, MODELO, YEAR_VEHICLE) values ('Subaru', 'Outback', 2004);
insert into VEHICULOS (MARCA, MODELO, YEAR_VEHICLE) values ('Volkswagen', 'Fox', 1989);
insert into VEHICULOS (MARCA, MODELO, YEAR_VEHICLE) values ('GMC', 'Safari', 2005);
insert into VEHICULOS (MARCA, MODELO, YEAR_VEHICLE) values ('Lexus', 'GS', 2010);
insert into VEHICULOS (MARCA, MODELO, YEAR_VEHICLE) values ('Subaru', 'Alcyone SVX', 1997);
insert into VEHICULOS (MARCA, MODELO, YEAR_VEHICLE) values ('Chevrolet', 'Blazer', 1999);
insert into VEHICULOS (MARCA, MODELO, YEAR_VEHICLE) values ('Volvo', '740', 1992);
insert into VEHICULOS (MARCA, MODELO, YEAR_VEHICLE) values ('BMW', 'M3', 2001);
insert into VEHICULOS (MARCA, MODELO, YEAR_VEHICLE) values ('Nissan', 'Altima', 2006);
insert into VEHICULOS (MARCA, MODELO, YEAR_VEHICLE) values ('Dodge', 'Ram', 2009);
insert into VEHICULOS (MARCA, MODELO, YEAR_VEHICLE) values ('Mitsubishi', 'Endeavor', 2007);
insert into VEHICULOS (MARCA, MODELO, YEAR_VEHICLE) values ('Chrysler', 'LHS', 2001);
insert into VEHICULOS (MARCA, MODELO, YEAR_VEHICLE) values ('GMC', 'Sierra Hybrid', 2006);

/*POBLANDO CATEGORIAS*/
insert into Categorias VALUES ('Electronica');
insert into Categorias VALUES ('Interior');
insert into Categorias VALUES ('Fluidos');
insert into Categorias Values ('Neumaticos');


/*Poblando productos*/

INSERT INTO PRODUCTOS (NOMBRE,IMAGEN,VALOR,MONEDA,DESCUENTO,IMPUESTO) VALUES ('Luces Led De Lujo Para Persiana Parrilla Tipo Toyota Ford','/img/luces1.png',100000,'COP',0,0);
INSERT INTO PRODUCTOS (NOMBRE,IMAGEN,VALOR,MONEDA,DESCUENTO,IMPUESTO) VALUES ('Kit De Faros Led 9005 9006 Para 2021 Kia Sportage 40000lm','/img/luces2.png',300000,'COP',0,0);
INSERT INTO PRODUCTOS (NOMBRE,IMAGEN,VALOR,MONEDA,DESCUENTO,IMPUESTO) VALUES ('Exploradoras de led Drl Delanteras Para Toyota 4Runner 2014-2024','/img/luces3.png',699900,'COP',0,0);
INSERT INTO PRODUCTOS (NOMBRE,IMAGEN,VALOR,MONEDA,DESCUENTO,IMPUESTO) VALUES ('Farolas Led Drl Tipo Xb Para Toyota Land Cruiser Series 70-71-76-77-78-79','/img/luces4.png',5999900,'COP',0,0);
INSERT INTO PRODUCTOS (NOMBRE,IMAGEN,VALOR,MONEDA,DESCUENTO,IMPUESTO) VALUES ('Farolas Led Drl Tipo Dubai Deluxe Para Toyota Hilux 2021-2024','/img/luces5.png',5199900,'COP',0.5,0.3);
INSERT INTO PRODUCTOS (NOMBRE,IMAGEN,VALOR,MONEDA,DESCUENTO,IMPUESTO) VALUES ('Pestañas Led Drl Delanteras Para Toyota Land Cruiser LC300 2022-2024','/img/luces6.png',1049900,'COP',0,0);
INSERT INTO PRODUCTOS (NOMBRE,IMAGEN,VALOR,MONEDA,DESCUENTO,IMPUESTO) VALUES ('Modulo De Alarma Chevrolet o Chevystar Original','/img/seguridad1.png',419900,'COP',0,0);
INSERT INTO PRODUCTOS (NOMBRE,IMAGEN,VALOR,MONEDA,DESCUENTO,IMPUESTO) VALUES ('Dvr Con Pantalla Full Hd 1080p De 3 Camaras Con Reversa Para Carros','/img/seguridad2.png',200100,'COP',0,0);
INSERT INTO PRODUCTOS (NOMBRE,IMAGEN,VALOR,MONEDA,DESCUENTO,IMPUESTO) VALUES ('Control Alarma / Ultra','/img/seguridad4.png',80900,'COP',0.2,0.19);
INSERT INTO PRODUCTOS (NOMBRE,IMAGEN,VALOR,MONEDA,DESCUENTO,IMPUESTO) VALUES ('Asiento Clásico','/img/asientos1.png',750000,'COP',0.2,0.19);
INSERT INTO PRODUCTOS (NOMBRE,IMAGEN,VALOR,MONEDA,DESCUENTO,IMPUESTO) VALUES ('Asiento Moderno','/img/asientos2.png',920000,'COP',0,0.05);
INSERT INTO PRODUCTOS (NOMBRE,IMAGEN,VALOR,MONEDA,DESCUENTO,IMPUESTO) VALUES ('Asiento Elegante','/img/asientos3.png',890000,'COP',0,0);
INSERT INTO PRODUCTOS (NOMBRE,IMAGEN,VALOR,MONEDA,DESCUENTO,IMPUESTO) VALUES ('Asiento Comfort','/img/asientos4.png',530000,'COP',0,0);
INSERT INTO PRODUCTOS (NOMBRE,IMAGEN,VALOR,MONEDA,DESCUENTO,IMPUESTO) VALUES ('Sistema De Audio Premium','/img/sistemas2.png',1200000,'COP',0.3,0.19);
INSERT INTO PRODUCTOS (NOMBRE,IMAGEN,VALOR,MONEDA,DESCUENTO,IMPUESTO) VALUES ('Sistema De Audio Avanzado','/img/sistemas3.png',950000,'COP',0,0);
INSERT INTO PRODUCTOS (NOMBRE,IMAGEN,VALOR,MONEDA,DESCUENTO,IMPUESTO) VALUES ('Sistema De Audio De Alta Fidelidad','/img/sistemas4.png',1500899,'COP',0.1,0.19);
INSERT INTO PRODUCTOS (NOMBRE,IMAGEN,VALOR,MONEDA,DESCUENTO,IMPUESTO) VALUES ('Altavoz Coaxial Sistema De Audio Personalizado','/img/sistemas6.png',400000,'COP',0,0.19);
INSERT INTO PRODUCTOS (NOMBRE,IMAGEN,VALOR,MONEDA,DESCUENTO,IMPUESTO) VALUES ('Aceite Estándar','/img/aceite1.png',200000,'COP',0,0);
INSERT INTO PRODUCTOS (NOMBRE,IMAGEN,VALOR,MONEDA,DESCUENTO,IMPUESTO) VALUES ('Aceite Premium','/img/aceite2.png',250000,'COP',0,0);
INSERT INTO PRODUCTOS (NOMBRE,IMAGEN,VALOR,MONEDA,DESCUENTO,IMPUESTO) VALUES ('Aceite Sintético','/img/aceite3.png',300000,'COP',0,0);


/*POBLANDO PORDUCTOS POR CATEGORIA*/
INSERT INTO PRODUCTOS_POR_CATEGORIA VALUES('Electronica','Luces Led De Lujo Para Persiana Parrilla Tipo Toyota Ford');
INSERT INTO PRODUCTOS_POR_CATEGORIA VALUES('Electronica','Kit De Faros Led 9005 9006 Para 2021 Kia Sportage 40000lm');
INSERT INTO PRODUCTOS_POR_CATEGORIA VALUES('Electronica','Exploradoras de led Drl Delanteras Para Toyota 4Runner 2014-2024');
INSERT INTO PRODUCTOS_POR_CATEGORIA VALUES('Electronica','Farolas Led Drl Tipo Xb Para Toyota Land Cruiser Series 70-71-76-77-78-79');
INSERT INTO PRODUCTOS_POR_CATEGORIA VALUES('Electronica','Farolas Led Drl Tipo Dubai Deluxe Para Toyota Hilux 2021-2024');
INSERT INTO PRODUCTOS_POR_CATEGORIA VALUES('Electronica','Pestañas Led Drl Delanteras Para Toyota Land Cruiser LC300 2022-2024');
INSERT INTO PRODUCTOS_POR_CATEGORIA VALUES('Electronica','Modulo De Alarma Chevrolet o Chevystar Original');
INSERT INTO PRODUCTOS_POR_CATEGORIA VALUES('Electronica','Dvr Con Pantalla Full Hd 1080p De 3 Camaras Con Reversa Para Carros');
INSERT INTO PRODUCTOS_POR_CATEGORIA VALUES('Electronica','Control Alarma / Ultra');
INSERT INTO PRODUCTOS_POR_CATEGORIA VALUES('Interior','Asiento Clásico');
INSERT INTO PRODUCTOS_POR_CATEGORIA VALUES('Interior','Asiento Moderno');
INSERT INTO PRODUCTOS_POR_CATEGORIA VALUES('Interior','Asiento Elegante');
INSERT INTO PRODUCTOS_POR_CATEGORIA VALUES('Interior','Asiento Comfort');
INSERT INTO PRODUCTOS_POR_CATEGORIA VALUES('Interior','Sistema De Audio Premium');
INSERT INTO PRODUCTOS_POR_CATEGORIA VALUES('Interior','Sistema De Audio Avanzado');
INSERT INTO PRODUCTOS_POR_CATEGORIA VALUES('Interior','Sistema De Audio De Alta Fidelidad');
INSERT INTO PRODUCTOS_POR_CATEGORIA VALUES('Fluidos','Aceite Estándar');
INSERT INTO PRODUCTOS_POR_CATEGORIA VALUES('Fluidos','Aceite Premium');
INSERT INTO PRODUCTOS_POR_CATEGORIA VALUES('Fluidos','Aceite Sintético');

/*POBLANDO COTIZACIONES*/

INSERT INTO COTIZACIONES (ID,ESTADO,FECHA_CREACION,MARCA_VEHICULO,MODELO_VEHICULO) VALUES(1,'CREADO', NOW(),'Aston Martin','DBS');
INSERT INTO COTIZACIONES (ID,ESTADO,FECHA_CREACION,MARCA_VEHICULO,MODELO_VEHICULO) VALUES(2,'CREADO', NOW(),'Ford','Escort');

/*POBLANDO PRODUCTOS POR VEHICULO) */

INSERT INTO PRODUCTOS_POR_VEHICULO VALUES ('Aston Martin','DBS','Farolas Led Drl Tipo Dubai Deluxe Para Toyota Hilux 2021-2024');
INSERT INTO PRODUCTOS_POR_VEHICULO VALUES ('Aston Martin','DBS','Dvr Con Pantalla Full Hd 1080p De 3 Camaras Con Reversa Para Carros');
INSERT INTO PRODUCTOS_POR_VEHICULO VALUES ('Aston Martin','DBS','Asiento Moderno');
INSERT INTO PRODUCTOS_POR_VEHICULO VALUES ('Ford','Escort','Farolas Led Drl Tipo Dubai Deluxe Para Toyota Hilux 2021-2024');
INSERT INTO PRODUCTOS_POR_VEHICULO VALUES ('Ford','Escort','Control Alarma / Ultra');



/*POBLANDO CARRITO*/

INSERT INTO CARRITO VALUES (1,'Farolas Led Drl Tipo Dubai Deluxe Para Toyota Hilux 2021-2024');
INSERT INTO CARRITO VALUES (1,'Dvr Con Pantalla Full Hd 1080p De 3 Camaras Con Reversa Para Carros');
INSERT INTO CARRITO VALUES (1,'Asiento Moderno');

INSERT INTO CARRITO VALUES (2,'Farolas Led Drl Tipo Dubai Deluxe Para Toyota Hilux 2021-2024');
INSERT INTO CARRITO VALUES (2,'Control Alarma / Ultra');