/*Poblando VEHICULOS*/

INSERT INTO VEHICULOS (MARCA, MODELO, YEAR_VEHICLE)VALUES('TOYOTA','PRIUS','1997');
INSERT INTO VEHICULOS (MARCA, MODELO, YEAR_VEHICLE)VALUES('TOYOTA','SUPRA','1978');
INSERT INTO VEHICULOS (MARCA, MODELO, YEAR_VEHICLE)VALUES('TOYOTA','CROWN','1955');
insert into VEHICULOS (MARCA, MODELO, YEAR_VEHICLE) values ('FORD', 'ECONOLINE E350', '2000');
insert into VEHICULOS (MARCA, MODELO, YEAR_VEHICLE) values ('FORD', 'F150', '1975');
insert into VEHICULOS (MARCA, MODELO, YEAR_VEHICLE) values ('ASTON MARTIN', 'DBS', '2008');
insert into VEHICULOS (MARCA, MODELO, YEAR_VEHICLE) values ('FORD', 'ESCORT', '1993');
insert into VEHICULOS (MARCA, MODELO, YEAR_VEHICLE) values ('GMC', '2500 CLUB COUPE', '1997');
insert into VEHICULOS (MARCA, MODELO, YEAR_VEHICLE) values ('DODGE', 'DURANGO', '1999');
insert into VEHICULOS (MARCA, MODELO, YEAR_VEHICLE) values ('DODGE', 'NEON', '2001');
insert into VEHICULOS (MARCA, MODELO, YEAR_VEHICLE) values ('BMW', 'X3', '2011');
insert into VEHICULOS (MARCA, MODELO, YEAR_VEHICLE) values ('BMW', '745', 2002);
insert into VEHICULOS (MARCA, MODELO, YEAR_VEHICLE) values ('NISSAN', 'MAXIMA', 1997);
insert into VEHICULOS (MARCA, MODELO, YEAR_VEHICLE) values ('CADILLAC', 'STS-V', 2006);
insert into VEHICULOS (MARCA, MODELO, YEAR_VEHICLE) values ('JEEP', 'WRANGLER', 1994);
insert into VEHICULOS (MARCA, MODELO, YEAR_VEHICLE) values ('CHEVROLET', 'TRAVERSE', 2012);
insert into VEHICULOS (MARCA, MODELO, YEAR_VEHICLE) values ('FORD', 'E150', 2006);
insert into VEHICULOS (MARCA, MODELO, YEAR_VEHICLE) values ('MAZDA', 'MX-6', 1993);
insert into VEHICULOS (MARCA, MODELO, YEAR_VEHICLE) values ('FORD', 'F-SERIES', 1991);
insert into VEHICULOS (MARCA, MODELO, YEAR_VEHICLE) values ('MITSUBISHI', 'ECLIPSE', 2001);
insert into VEHICULOS (MARCA, MODELO, YEAR_VEHICLE) values ('STUDEBAKER', 'AVANTI', 1963);
insert into VEHICULOS (MARCA, MODELO, YEAR_VEHICLE) values ('MAZDA', 'MIATA MX-5', 1996);
insert into VEHICULOS (MARCA, MODELO, YEAR_VEHICLE) values ('BMW', '760', 2003);
insert into VEHICULOS (MARCA, MODELO, YEAR_VEHICLE) values ('GMC', 'SIERRA 3500', 2002);
insert into VEHICULOS (MARCA, MODELO, YEAR_VEHICLE) values ('MERCEDES-BENZ', 'S-CLASS', 2010);
insert into VEHICULOS (MARCA, MODELO, YEAR_VEHICLE) values ('PONTIAC', 'DAEWOO KALOS', 2005);
insert into VEHICULOS (MARCA, MODELO, YEAR_VEHICLE) values ('ACURA', 'LEGEND', 1992);
insert into VEHICULOS (MARCA, MODELO, YEAR_VEHICLE) values ('VOLKSWAGEN', 'GTI', 1987);
insert into VEHICULOS (MARCA, MODELO, YEAR_VEHICLE) values ('GMC', 'VANDURA 3500', 1994);
insert into VEHICULOS (MARCA, MODELO, YEAR_VEHICLE) values ('TOYOTA', 'CAMRY', 1992);
insert into VEHICULOS (MARCA, MODELO, YEAR_VEHICLE) values ('PONTIAC', 'FIREBIRD', 1995);
insert into VEHICULOS (MARCA, MODELO, YEAR_VEHICLE) values ('TOYOTA', 'AVALON', 2000);
insert into VEHICULOS (MARCA, MODELO, YEAR_VEHICLE) values ('SUZUKI', 'FORENZA', 2004);
insert into VEHICULOS (MARCA, MODELO, YEAR_VEHICLE) values ('FORD', 'FIESTA', 2011);
insert into VEHICULOS (MARCA, MODELO, YEAR_VEHICLE) values ('CHEVROLET', 'SILVERADO', 2003);
insert into VEHICULOS (MARCA, MODELO, YEAR_VEHICLE) values ('MITSUBISHI', 'CHALLENGER', 1997);
insert into VEHICULOS (MARCA, MODELO, YEAR_VEHICLE) values ('BENTLEY', 'CONTINENTAL GT', 2010);
insert into VEHICULOS (MARCA, MODELO, YEAR_VEHICLE) values ('CHEVROLET', 'SUBURBAN 2500', 2012);
insert into VEHICULOS (MARCA, MODELO, YEAR_VEHICLE) values ('TOYOTA', 'TUNDRA', 2008);
insert into VEHICULOS (MARCA, MODELO, YEAR_VEHICLE) values ('KIA', 'AMANTI', 2009);
insert into VEHICULOS (MARCA, MODELO, YEAR_VEHICLE) values ('GMC', 'SAVANA', 2011);
insert into VEHICULOS (MARCA, MODELO, YEAR_VEHICLE) values ('CHRYSLER', 'CIRRUS', 1999);
insert into VEHICULOS (MARCA, MODELO, YEAR_VEHICLE) values ('FORD', 'EXPLORER', 1994);
insert into VEHICULOS (MARCA, MODELO, YEAR_VEHICLE) values ('MAZDA', 'MILLENIA', 1996);
insert into VEHICULOS (MARCA, MODELO, YEAR_VEHICLE) values ('LINCOLN', 'CONTINENTAL', 1992);
insert into VEHICULOS (MARCA, MODELO, YEAR_VEHICLE) values ('LAMBORGHINI', 'GALLARDO', 2010);
insert into VEHICULOS (MARCA, MODELO, YEAR_VEHICLE) values ('AUDI', 'A5', 2011);
insert into VEHICULOS (MARCA, MODELO, YEAR_VEHICLE) values ('BMW', 'M5', 2003);
insert into VEHICULOS (MARCA, MODELO, YEAR_VEHICLE) values ('FORD', 'F250', 2008);
insert into VEHICULOS (MARCA, MODELO, YEAR_VEHICLE) values ('EAGLE', 'TALON', 1992);
insert into VEHICULOS (MARCA, MODELO, YEAR_VEHICLE) values ('MAYBACH', 'LANDAULET', 2010);
insert into VEHICULOS (MARCA, MODELO, YEAR_VEHICLE) values ('NISSAN', 'PATHFINDER', 2008);
insert into VEHICULOS (MARCA, MODELO, YEAR_VEHICLE) values ('INFINITI', 'FX', 2004);
insert into VEHICULOS (MARCA, MODELO, YEAR_VEHICLE) values ('MERCURY', 'GRAND MARQUIS', 1991);
insert into VEHICULOS (MARCA, MODELO, YEAR_VEHICLE) values ('ACURA', 'RL', 2010);
insert into VEHICULOS (MARCA, MODELO, YEAR_VEHICLE) values ('SUZUKI', 'SIDEKICK', 1991);
insert into VEHICULOS (MARCA, MODELO, YEAR_VEHICLE) values ('LAMBORGHINI', 'MURCIÉLAGO', 2007);
insert into VEHICULOS (MARCA, MODELO, YEAR_VEHICLE) values ('PONTIAC', 'GTO', 1971);
insert into VEHICULOS (MARCA, MODELO, YEAR_VEHICLE) values ('LINCOLN', 'LS', 2004);
insert into VEHICULOS (MARCA, MODELO, YEAR_VEHICLE) values ('KIA', 'SOUL', 2012);
insert into VEHICULOS (MARCA, MODELO, YEAR_VEHICLE) values ('CHEVROLET', 'AVALANCHE', 2010);
insert into VEHICULOS (MARCA, MODELO, YEAR_VEHICLE) values ('JAGUAR', 'S-TYPE', 2006);
insert into VEHICULOS (MARCA, MODELO, YEAR_VEHICLE) values ('CHRYSLER', '300', 2005);
insert into VEHICULOS (MARCA, MODELO, YEAR_VEHICLE) values ('FORD', 'TAURUS', 2006);
insert into VEHICULOS (MARCA, MODELO, YEAR_VEHICLE) values ('PLYMOUTH', 'LASER', 1989);
insert into VEHICULOS (MARCA, MODELO, YEAR_VEHICLE) values ('HONDA', 'PILOT', 2009);
insert into VEHICULOS (MARCA, MODELO, YEAR_VEHICLE) values ('DODGE', 'STEA', 1995);
insert into VEHICULOS (MARCA, MODELO, YEAR_VEHICLE) values ('BMW', '5 SERIES LTH', 1995);
insert into VEHICULOS (MARCA, MODELO, YEAR_VEHICLE) values ('DODGE', 'RAM VAN B150', 1994);
insert into VEHICULOS (MARCA, MODELO, YEAR_VEHICLE) values ('MERCURY', 'MOUNTAINEER', 1999);
insert into VEHICULOS (MARCA, MODELO, YEAR_VEHICLE) values ('PONTIAC', 'FIREFLY', 1990);
insert into VEHICULOS (MARCA, MODELO, YEAR_VEHICLE) values ('CHEVROLET', 'CORVETTE', 1988);
insert into VEHICULOS (MARCA, MODELO, YEAR_VEHICLE) values ('JAGUAR', 'XF', 2012);
insert into VEHICULOS (MARCA, MODELO, YEAR_VEHICLE) values ('DODGE', 'RAM 1500 CLUB', 1997);
insert into VEHICULOS (MARCA, MODELO, YEAR_VEHICLE) values ('LINCOLN', 'TOWN CAR', 2002);
insert into VEHICULOS (MARCA, MODELO, YEAR_VEHICLE) values ('FORD', 'BRONCO', 1991);
insert into VEHICULOS (MARCA, MODELO, YEAR_VEHICLE) values ('CHEVROLET', 'TAHOE', 2002);
insert into VEHICULOS (MARCA, MODELO, YEAR_VEHICLE) values ('GMC', 'YUKON XL 2500', 2006);
insert into VEHICULOS (MARCA, MODELO, YEAR_VEHICLE) values ('SUBARU', 'OUTBACK', 2004);
insert into VEHICULOS (MARCA, MODELO, YEAR_VEHICLE) values ('VOLKSWAGEN', 'FOX', 1989);
insert into VEHICULOS (MARCA, MODELO, YEAR_VEHICLE) values ('GMC', 'SAFARI', 2005);
insert into VEHICULOS (MARCA, MODELO, YEAR_VEHICLE) values ('LEXUS', 'GS', 2010);
insert into VEHICULOS (MARCA, MODELO, YEAR_VEHICLE) values ('SUBARU', 'ALCYONE SVX', 1997);
insert into VEHICULOS (MARCA, MODELO, YEAR_VEHICLE) values ('CHEVROLET', 'BLAZER', 1999);
insert into VEHICULOS (MARCA, MODELO, YEAR_VEHICLE) values ('VOLVO', '740', 1992);
insert into VEHICULOS (MARCA, MODELO, YEAR_VEHICLE) values ('BMW', 'M3', 2001);
insert into VEHICULOS (MARCA, MODELO, YEAR_VEHICLE) values ('NISSAN', 'ALTIMA', 2006);
insert into VEHICULOS (MARCA, MODELO, YEAR_VEHICLE) values ('DODGE', 'RAM', 2009);
insert into VEHICULOS (MARCA, MODELO, YEAR_VEHICLE) values ('MITSUBISHI', 'ENDEAVOR', 2007);
insert into VEHICULOS (MARCA, MODELO, YEAR_VEHICLE) values ('CHRYSLER', 'LHS', 2001);
insert into VEHICULOS (MARCA, MODELO, YEAR_VEHICLE) values ('GMC', 'SIERRA HYBRID', 2006);

/*POBLANDO CATEGORIAS*/
insert into Categorias VALUES ('ELECTRÓNICA');
insert into Categorias VALUES ('INTERIOR');
insert into Categorias VALUES ('FLUIDOS');
insert into Categorias Values ('NEUMATICOS');


/*Poblando productos*/

INSERT INTO PRODUCTOS (NOMBRE,IMAGEN,VALOR,MONEDA,DESCUENTO,IMPUESTO) VALUES ('LUCES LED DE LUJO PARA PERSIANA PARRILLA TIPO TOYOTA FORD','/img/luces1.png',100000,'COP',0,0);
INSERT INTO PRODUCTOS (NOMBRE,IMAGEN,VALOR,MONEDA,DESCUENTO,IMPUESTO) VALUES ('KIT DE FAROS LED 9005 9006 PARA 2021 KIA SPORTAGE 40000LM','/img/luces2.png',300000,'COP',0,0);
INSERT INTO PRODUCTOS (NOMBRE,IMAGEN,VALOR,MONEDA,DESCUENTO,IMPUESTO) VALUES ('EXPLORADORAS DE LED DRL DELANTERAS PARA TOYOTA 4RUNNER 2014-2024','/img/luces3.png',699900,'COP',0,0);
INSERT INTO PRODUCTOS (NOMBRE,IMAGEN,VALOR,MONEDA,DESCUENTO,IMPUESTO) VALUES ('FAROLAS LED DRL TIPO XB PARA TOYOTA LAND CRUISER SERIES 70-71-76-77-78-79','/img/luces4.png',5999900,'COP',0,0);
INSERT INTO PRODUCTOS (NOMBRE,IMAGEN,VALOR,MONEDA,DESCUENTO,IMPUESTO) VALUES ('FAROLAS LED DRL TIPO DUBAI DELUXE PARA TOYOTA HILUX 2021-2024','/IMG/LUCES5.PNG',5199900,'COP',0.5,0.3);
INSERT INTO PRODUCTOS (NOMBRE,IMAGEN,VALOR,MONEDA,DESCUENTO,IMPUESTO) VALUES ('PESTAÑAS LED DRL DELANTERAS PARA TOYOTA LAND CRUISER LC300 2022-2024','/IMG/LUCES6.PNG',1049900,'COP',0,0);
INSERT INTO PRODUCTOS (NOMBRE,IMAGEN,VALOR,MONEDA,DESCUENTO,IMPUESTO) VALUES ('MODULO DE ALARMA CHEVROLET O CHEVYSTAR ORIGINAL','/IMG/SEGURIDAD1.PNG',419900,'COP',0,0);
INSERT INTO PRODUCTOS (NOMBRE,IMAGEN,VALOR,MONEDA,DESCUENTO,IMPUESTO) VALUES ('DVR CON PANTALLA FULL HD 1080P DE 3 CAMARAS CON REVERSA PARA CARROS','/img/seguridad2.png',200100,'COP',0,0);
INSERT INTO PRODUCTOS (NOMBRE,IMAGEN,VALOR,MONEDA,DESCUENTO,IMPUESTO) VALUES ('CONTROL ALARMA / ULTRA','/img/seguridad4.png',80900,'COP',0.2,0.19);
INSERT INTO PRODUCTOS (NOMBRE,IMAGEN,VALOR,MONEDA,DESCUENTO,IMPUESTO) VALUES ('ASIENTO CLÁSICO','/img/asientos1.png',750000,'COP',0.2,0.19);
INSERT INTO PRODUCTOS (NOMBRE,IMAGEN,VALOR,MONEDA,DESCUENTO,IMPUESTO) VALUES ('ASIENTO MODERNO','/img/asientos2.png',920000,'COP',0,0.05);
INSERT INTO PRODUCTOS (NOMBRE,IMAGEN,VALOR,MONEDA,DESCUENTO,IMPUESTO) VALUES ('ASIENTO ELEGANTE','/img/asientos3.png',890000,'COP',0,0);
INSERT INTO PRODUCTOS (NOMBRE,IMAGEN,VALOR,MONEDA,DESCUENTO,IMPUESTO) VALUES ('ASIENTO COMFORT','/img/asientos4.png',530000,'COP',0,0);
INSERT INTO PRODUCTOS (NOMBRE,IMAGEN,VALOR,MONEDA,DESCUENTO,IMPUESTO) VALUES ('SISTEMA DE AUDIO PREMIUM','/img/sistemas2.png',1200000,'COP',0.3,0.19);
INSERT INTO PRODUCTOS (NOMBRE,IMAGEN,VALOR,MONEDA,DESCUENTO,IMPUESTO) VALUES ('SISTEMA DE AUDIO AVANZADO','/img/sistemas3.png',950000,'COP',0,0);
INSERT INTO PRODUCTOS (NOMBRE,IMAGEN,VALOR,MONEDA,DESCUENTO,IMPUESTO) VALUES ('SISTEMA DE AUDIO DE ALTA FIDELIDAD','/img/sistemas4.png',1500899,'COP',0.1,0.19);
INSERT INTO PRODUCTOS (NOMBRE,IMAGEN,VALOR,MONEDA,DESCUENTO,IMPUESTO) VALUES ('ALTAVOZ COAXIAL SISTEMA DE AUDIO PERSONALIZADO','/img/sistemas6.png',400000,'COP',0,0.19);
INSERT INTO PRODUCTOS (NOMBRE,IMAGEN,VALOR,MONEDA,DESCUENTO,IMPUESTO) VALUES ('ACEITE ESTÁNDAR','/img/aceite1.png',200000,'COP',0,0);
INSERT INTO PRODUCTOS (NOMBRE,IMAGEN,VALOR,MONEDA,DESCUENTO,IMPUESTO) VALUES ('ACEITE PREMIUM','/img/aceite2.png',250000,'COP',0,0);
INSERT INTO PRODUCTOS (NOMBRE,IMAGEN,VALOR,MONEDA,DESCUENTO,IMPUESTO) VALUES ('ACEITE SINTÉTICO','/img/aceite3.png',300000,'COP',0,0);


/*POBLANDO PORDUCTOS POR CATEGORIA*/
INSERT INTO PRODUCTOS_POR_CATEGORIA VALUES('ELECTRÓNICA','LUCES LED DE LUJO PARA PERSIANA PARRILLA TIPO TOYOTA FORD');
INSERT INTO PRODUCTOS_POR_CATEGORIA VALUES('ELECTRÓNICA','KIT DE FAROS LED 9005 9006 PARA 2021 KIA SPORTAGE 40000LM');
INSERT INTO PRODUCTOS_POR_CATEGORIA VALUES('ELECTRÓNICA','EXPLORADORAS DE LED DRL DELANTERAS PARA TOYOTA 4RUNNER 2014-2024');
INSERT INTO PRODUCTOS_POR_CATEGORIA VALUES('ELECTRÓNICA','FAROLAS LED DRL TIPO XB PARA TOYOTA LAND CRUISER SERIES 70-71-76-77-78-79');
INSERT INTO PRODUCTOS_POR_CATEGORIA VALUES('ELECTRÓNICA','FAROLAS LED DRL TIPO DUBAI DELUXE PARA TOYOTA HILUX 2021-2024');
INSERT INTO PRODUCTOS_POR_CATEGORIA VALUES('ELECTRÓNICA','PESTAÑAS LED DRL DELANTERAS PARA TOYOTA LAND CRUISER LC300 2022-2024');
INSERT INTO PRODUCTOS_POR_CATEGORIA VALUES('ELECTRÓNICA','MODULO DE ALARMA CHEVROLET O CHEVYSTAR ORIGINAL');
INSERT INTO PRODUCTOS_POR_CATEGORIA VALUES('ELECTRÓNICA','DVR CON PANTALLA FULL HD 1080P DE 3 CAMARAS CON REVERSA PARA CARROS');
INSERT INTO PRODUCTOS_POR_CATEGORIA VALUES('ELECTRÓNICA','CONTROL ALARMA / ULTRA');
INSERT INTO PRODUCTOS_POR_CATEGORIA VALUES('INTERIOR','ASIENTO CLÁSICO');
INSERT INTO PRODUCTOS_POR_CATEGORIA VALUES('INTERIOR','ASIENTO MODERNO');
INSERT INTO PRODUCTOS_POR_CATEGORIA VALUES('INTERIOR','ASIENTO ELEGANTE');
INSERT INTO PRODUCTOS_POR_CATEGORIA VALUES('INTERIOR','ASIENTO COMFORT');
INSERT INTO PRODUCTOS_POR_CATEGORIA VALUES('INTERIOR','SISTEMA DE AUDIO PREMIUM');
INSERT INTO PRODUCTOS_POR_CATEGORIA VALUES('INTERIOR','SISTEMA DE AUDIO AVANZADO');
INSERT INTO PRODUCTOS_POR_CATEGORIA VALUES('INTERIOR','SISTEMA DE AUDIO DE ALTA FIDELIDAD');
INSERT INTO PRODUCTOS_POR_CATEGORIA VALUES('FLUIDOS','ACEITE ESTÁNDAR');
INSERT INTO PRODUCTOS_POR_CATEGORIA VALUES('FLUIDOS','ACEITE PREMIUM');
INSERT INTO PRODUCTOS_POR_CATEGORIA VALUES('FLUIDOS','ACEITE SINTÉTICO');

/*POBLANDO COTIZACIONES*/

INSERT INTO COTIZACIONES (ID,ESTADO,FECHA_CREACION,MARCA_VEHICULO,MODELO_VEHICULO) VALUES(1,'CREADO', NOW(),'ASTON MARTIN','DBS');
INSERT INTO COTIZACIONES (ID,ESTADO,FECHA_CREACION,MARCA_VEHICULO,MODELO_VEHICULO) VALUES(2,'CREADO', NOW(),'FORD','ESCORT');

/*POBLANDO PRODUCTOS POR VEHICULO) */

INSERT INTO PRODUCTOS_POR_VEHICULO VALUES ('ASTON MARTIN','DBS','FAROLAS LED DRL TIPO DUBAI DELUXE PARA TOYOTA HILUX 2021-2024');
INSERT INTO PRODUCTOS_POR_VEHICULO VALUES ('ASTON MARTIN','DBS','DVR CON PANTALLA FULL HD 1080P DE 3 CAMARAS CON REVERSA PARA CARROS');
INSERT INTO PRODUCTOS_POR_VEHICULO VALUES ('ASTON MARTIN','DBS','ASIENTO MODERNO');
INSERT INTO PRODUCTOS_POR_VEHICULO VALUES ('FORD','ESCORT','FAROLAS LED DRL TIPO DUBAI DELUXE PARA TOYOTA HILUX 2021-2024');
INSERT INTO PRODUCTOS_POR_VEHICULO VALUES ('FORD','ESCORT','CONTROL ALARMA / ULTRA');



/*POBLANDO CARRITO*/

INSERT INTO CARRITO VALUES (1,'FAROLAS LED DRL TIPO DUBAI DELUXE PARA TOYOTA HILUX 2021-2024');
INSERT INTO CARRITO VALUES (1,'DVR CON PANTALLA FULL HD 1080P DE 3 CAMARAS CON REVERSA PARA CARROS');
INSERT INTO CARRITO VALUES (1,'ASIENTO MODERNO');

INSERT INTO CARRITO VALUES (2,'FAROLAS LED DRL TIPO DUBAI DELUXE PARA TOYOTA HILUX 2021-2024');
INSERT INTO CARRITO VALUES (2,'CONTROL ALARMA / ULTRA');