INSERT INTO VEHICULOS (MARCA, MODELO, YEAR_VEHICLE)VALUES('TOYOTA','PRIUS','1997');
INSERT INTO VEHICULOS (MARCA, MODELO, YEAR_VEHICLE)VALUES('TOYOTA','SUPRA','1978');
INSERT INTO VEHICULOS (MARCA, MODELO, YEAR_VEHICLE)VALUES('TOYOTA','CROWN','1955');
insert into VEHICULOS (MARCA, MODELO, YEAR_VEHICLE) values ('FORD', 'ECONOLINE E350', '2000');
insert into VEHICULOS (MARCA, MODELO, YEAR_VEHICLE) values ('FORD', 'F150', '1975');
insert into VEHICULOS (MARCA, MODELO, YEAR_VEHICLE) values ('ASTON MARTIN', 'DBS', '2008');
insert into VEHICULOS (MARCA, MODELO, YEAR_VEHICLE) values ('FORD', 'ESCORT', '1993');
insert into VEHICULOS (MARCA, MODELO, YEAR_VEHICLE) values ('GMC', '2500 CLUB COUPE', '1997');
insert into VEHICULOS (MARCA, MODELO, YEAR_VEHICLE) values ('DODGE', 'DURANGO', '1999');
insert into VEHICULOS (MARCA, MODELO, YEAR_VEHICLE) values ('DODGE', 'NEON', '2001');
insert into VEHICULOS (MARCA, MODELO, YEAR_VEHICLE) values ('BMW', 'X3', '2011');
insert into VEHICULOS (MARCA, MODELO, YEAR_VEHICLE) values ('BMW', '745', 2002);
insert into VEHICULOS (MARCA, MODELO, YEAR_VEHICLE) values ('NISSAN', 'MAXIMA', 1997);
insert into VEHICULOS (MARCA, MODELO, YEAR_VEHICLE) values ('CADILLAC', 'STS-V', 2006);
insert into VEHICULOS (MARCA, MODELO, YEAR_VEHICLE) values ('JEEP', 'WRANGLER', 1994);
insert into VEHICULOS (MARCA, MODELO, YEAR_VEHICLE) values ('CHEVROLET', 'TRAVERSE', 2012);
insert into VEHICULOS (MARCA, MODELO, YEAR_VEHICLE) values ('FORD', 'E150', 2006);
insert into VEHICULOS (MARCA, MODELO, YEAR_VEHICLE) values ('MAZDA', 'MX-6', 1993);
insert into VEHICULOS (MARCA, MODELO, YEAR_VEHICLE) values ('FORD', 'F-SERIES', 1991);
insert into VEHICULOS (MARCA, MODELO, YEAR_VEHICLE) values ('MITSUBISHI', 'ECLIPSE', 2001);
insert into VEHICULOS (MARCA, MODELO, YEAR_VEHICLE) values ('STUDEBAKER', 'AVANTI', 1963);
insert into VEHICULOS (MARCA, MODELO, YEAR_VEHICLE) values ('MAZDA', 'MIATA MX-5', 1996);
insert into VEHICULOS (MARCA, MODELO, YEAR_VEHICLE) values ('BMW', '760', 2003);
insert into VEHICULOS (MARCA, MODELO, YEAR_VEHICLE) values ('GMC', 'SIERRA 3500', 2002);
insert into VEHICULOS (MARCA, MODELO, YEAR_VEHICLE) values ('MERCEDES-BENZ', 'S-CLASS', 2010);
insert into VEHICULOS (MARCA, MODELO, YEAR_VEHICLE) values ('PONTIAC', 'DAEWOO KALOS', 2005);
insert into VEHICULOS (MARCA, MODELO, YEAR_VEHICLE) values ('ACURA', 'LEGEND', 1992);
insert into VEHICULOS (MARCA, MODELO, YEAR_VEHICLE) values ('VOLKSWAGEN', 'GTI', 1987);
insert into VEHICULOS (MARCA, MODELO, YEAR_VEHICLE) values ('GMC', 'VANDURA 3500', 1994);
insert into VEHICULOS (MARCA, MODELO, YEAR_VEHICLE) values ('TOYOTA', 'CAMRY', 1992);
insert into VEHICULOS (MARCA, MODELO, YEAR_VEHICLE) values ('PONTIAC', 'FIREBIRD', 1995);
insert into VEHICULOS (MARCA, MODELO, YEAR_VEHICLE) values ('TOYOTA', 'AVALON', 2000);
insert into VEHICULOS (MARCA, MODELO, YEAR_VEHICLE) values ('SUZUKI', 'FORENZA', 2004);
insert into VEHICULOS (MARCA, MODELO, YEAR_VEHICLE) values ('FORD', 'FIESTA', 2011);
insert into VEHICULOS (MARCA, MODELO, YEAR_VEHICLE) values ('CHEVROLET', 'SILVERADO', 2003);
insert into VEHICULOS (MARCA, MODELO, YEAR_VEHICLE) values ('MITSUBISHI', 'CHALLENGER', 1997);
insert into VEHICULOS (MARCA, MODELO, YEAR_VEHICLE) values ('BENTLEY', 'CONTINENTAL GT', 2010);
insert into VEHICULOS (MARCA, MODELO, YEAR_VEHICLE) values ('CHEVROLET', 'SUBURBAN 2500', 2012);
insert into VEHICULOS (MARCA, MODELO, YEAR_VEHICLE) values ('TOYOTA', 'TUNDRA', 2008);
insert into VEHICULOS (MARCA, MODELO, YEAR_VEHICLE) values ('KIA', 'AMANTI', 2009);
insert into VEHICULOS (MARCA, MODELO, YEAR_VEHICLE) values ('GMC', 'SAVANA', 2011);
insert into VEHICULOS (MARCA, MODELO, YEAR_VEHICLE) values ('CHRYSLER', 'CIRRUS', 1999);
insert into VEHICULOS (MARCA, MODELO, YEAR_VEHICLE) values ('FORD', 'EXPLORER', 1994);
insert into VEHICULOS (MARCA, MODELO, YEAR_VEHICLE) values ('MAZDA', 'MILLENIA', 1996);
insert into VEHICULOS (MARCA, MODELO, YEAR_VEHICLE) values ('LINCOLN', 'CONTINENTAL', 1992);
insert into VEHICULOS (MARCA, MODELO, YEAR_VEHICLE) values ('LAMBORGHINI', 'GALLARDO', 2010);
insert into VEHICULOS (MARCA, MODELO, YEAR_VEHICLE) values ('AUDI', 'A5', 2011);
insert into VEHICULOS (MARCA, MODELO, YEAR_VEHICLE) values ('BMW', 'M5', 2003);
insert into VEHICULOS (MARCA, MODELO, YEAR_VEHICLE) values ('FORD', 'F250', 2008);
insert into VEHICULOS (MARCA, MODELO, YEAR_VEHICLE) values ('EAGLE', 'TALON', 1992);
insert into VEHICULOS (MARCA, MODELO, YEAR_VEHICLE) values ('MAYBACH', 'LANDAULET', 2010);
insert into VEHICULOS (MARCA, MODELO, YEAR_VEHICLE) values ('NISSAN', 'PATHFINDER', 2008);
insert into VEHICULOS (MARCA, MODELO, YEAR_VEHICLE) values ('INFINITI', 'FX', 2004);
insert into VEHICULOS (MARCA, MODELO, YEAR_VEHICLE) values ('MERCURY', 'GRAND MARQUIS', 1991);
insert into VEHICULOS (MARCA, MODELO, YEAR_VEHICLE) values ('ACURA', 'RL', 2010);
insert into VEHICULOS (MARCA, MODELO, YEAR_VEHICLE) values ('SUZUKI', 'SIDEKICK', 1991);
insert into VEHICULOS (MARCA, MODELO, YEAR_VEHICLE) values ('LAMBORGHINI', 'MURCIÉLAGO', 2007);
insert into VEHICULOS (MARCA, MODELO, YEAR_VEHICLE) values ('PONTIAC', 'GTO', 1971);
insert into VEHICULOS (MARCA, MODELO, YEAR_VEHICLE) values ('LINCOLN', 'LS', 2004);
insert into VEHICULOS (MARCA, MODELO, YEAR_VEHICLE) values ('KIA', 'SOUL', 2012);
insert into VEHICULOS (MARCA, MODELO, YEAR_VEHICLE) values ('CHEVROLET', 'AVALANCHE', 2010);
insert into VEHICULOS (MARCA, MODELO, YEAR_VEHICLE) values ('JAGUAR', 'S-TYPE', 2006);
insert into VEHICULOS (MARCA, MODELO, YEAR_VEHICLE) values ('CHRYSLER', '300', 2005);
insert into VEHICULOS (MARCA, MODELO, YEAR_VEHICLE) values ('FORD', 'TAURUS', 2006);
insert into VEHICULOS (MARCA, MODELO, YEAR_VEHICLE) values ('PLYMOUTH', 'LASER', 1989);
insert into VEHICULOS (MARCA, MODELO, YEAR_VEHICLE) values ('HONDA', 'PILOT', 2009);
insert into VEHICULOS (MARCA, MODELO, YEAR_VEHICLE) values ('DODGE', 'STEA', 1995);
insert into VEHICULOS (MARCA, MODELO, YEAR_VEHICLE) values ('BMW', '5 SERIES LTH', 1995);
insert into VEHICULOS (MARCA, MODELO, YEAR_VEHICLE) values ('DODGE', 'RAM VAN B150', 1994);
insert into VEHICULOS (MARCA, MODELO, YEAR_VEHICLE) values ('MERCURY', 'MOUNTAINEER', 1999);
insert into VEHICULOS (MARCA, MODELO, YEAR_VEHICLE) values ('PONTIAC', 'FIREFLY', 1990);
insert into VEHICULOS (MARCA, MODELO, YEAR_VEHICLE) values ('CHEVROLET', 'CORVETTE', 1988);
insert into VEHICULOS (MARCA, MODELO, YEAR_VEHICLE) values ('JAGUAR', 'XF', 2012);
insert into VEHICULOS (MARCA, MODELO, YEAR_VEHICLE) values ('DODGE', 'RAM 1500 CLUB', 1997);
insert into VEHICULOS (MARCA, MODELO, YEAR_VEHICLE) values ('LINCOLN', 'TOWN CAR', 2002);
insert into VEHICULOS (MARCA, MODELO, YEAR_VEHICLE) values ('FORD', 'BRONCO', 1991);
insert into VEHICULOS (MARCA, MODELO, YEAR_VEHICLE) values ('CHEVROLET', 'TAHOE', 2002);
insert into VEHICULOS (MARCA, MODELO, YEAR_VEHICLE) values ('GMC', 'YUKON XL 2500', 2006);
insert into VEHICULOS (MARCA, MODELO, YEAR_VEHICLE) values ('SUBARU', 'OUTBACK', 2004);
insert into VEHICULOS (MARCA, MODELO, YEAR_VEHICLE) values ('VOLKSWAGEN', 'FOX', 1989);
insert into VEHICULOS (MARCA, MODELO, YEAR_VEHICLE) values ('GMC', 'SAFARI', 2005);
insert into VEHICULOS (MARCA, MODELO, YEAR_VEHICLE) values ('LEXUS', 'GS', 2010);
insert into VEHICULOS (MARCA, MODELO, YEAR_VEHICLE) values ('SUBARU', 'ALCYONE SVX', 1997);
insert into VEHICULOS (MARCA, MODELO, YEAR_VEHICLE) values ('CHEVROLET', 'BLAZER', 1999);
insert into VEHICULOS (MARCA, MODELO, YEAR_VEHICLE) values ('VOLVO', '740', 1992);
insert into VEHICULOS (MARCA, MODELO, YEAR_VEHICLE) values ('BMW', 'M3', 2001);
insert into VEHICULOS (MARCA, MODELO, YEAR_VEHICLE) values ('NISSAN', 'ALTIMA', 2006);
insert into VEHICULOS (MARCA, MODELO, YEAR_VEHICLE) values ('DODGE', 'RAM', 2009);
insert into VEHICULOS (MARCA, MODELO, YEAR_VEHICLE) values ('MITSUBISHI', 'ENDEAVOR', 2007);
insert into VEHICULOS (MARCA, MODELO, YEAR_VEHICLE) values ('CHRYSLER', 'LHS', 2001);
insert into VEHICULOS (MARCA, MODELO, YEAR_VEHICLE) values ('GMC', 'SIERRA HYBRID', 2006);

/*POBLANDO CATEGORIAS*/
insert into Categorias VALUES ('ELECTRONICA');
insert into Categorias VALUES ('INTERIOR');
insert into Categorias VALUES ('FLUIDOS');
insert into Categorias Values ('NEUMATICOS');
insert into Categorias Values ('PIEZAS');
insert into Categorias Values ('MECÁNICA');


/*Poblando productos*/
/*motores*/
INSERT INTO PRODUCTOS (NOMBRE, IMAGEN, VALOR, MONEDA, DESCUENTO, IMPUESTO, DESCRIPCION_BREVE, DESCRIPCION_TECNICA)
VALUES ('MOTOR V10', '/img/motor1.jpeg', 200, 'EUR', 0.10, 0.14, 'Motor V10', 'Potente motor V10 diseñado para ofrecer un rendimiento excepcional en aplicaciones de alto rendimiento.');

INSERT INTO PRODUCTOS (NOMBRE, IMAGEN, VALOR, MONEDA, DESCUENTO, IMPUESTO, DESCRIPCION_BREVE, DESCRIPCION_TECNICA)
VALUES ('MOTOR ELECTRICO YZ2023', '/img/motor2.jpg', 500, 'USD', 0.12, 0.13, 'Motor eléctrico YZ2023', 'Motor eléctrico eficiente y potente YZ2023 diseñado para vehículos eléctricos de alto rendimiento.');

INSERT INTO PRODUCTOS (NOMBRE, IMAGEN, VALOR, MONEDA, DESCUENTO, IMPUESTO, DESCRIPCION_BREVE, DESCRIPCION_TECNICA)
VALUES ('BMW 528XI', '/img/motor3.jpg', 310, 'CHF', 0.10, 0.14, 'BMW 528Xi', 'Motor BMW 528Xi diseñado para proporcionar un equilibrio perfecto entre rendimiento y eficiencia en vehículos de la serie 5.');

INSERT INTO PRODUCTOS (NOMBRE, IMAGEN, VALOR, MONEDA, DESCUENTO, IMPUESTO, DESCRIPCION_BREVE, DESCRIPCION_TECNICA)
VALUES ('MOTOR MAZDA 3', '/img/motor4.png', 999, 'USD', 0.15, 0.12, 'Motor Mazda 3', 'Motor potente y eficiente diseñado para ofrecer un rendimiento suave y confiable en el Mazda 3 y otros vehículos compatibles.');

INSERT INTO PRODUCTOS (NOMBRE, IMAGEN, VALOR, MONEDA, DESCUENTO, IMPUESTO, DESCRIPCION_BREVE, DESCRIPCION_TECNICA)
VALUES ('MOTOR V8 DE HIDROGENO', '/img/motor5.jpeg', 450, 'JPY', 0.20, 0.10, 'Motor V8 de hidrOgeno', 'Innovador motor V8 que utiliza hidrOgeno como combustible, ofreciendo una alternativa ecolOgica y potente para vehículos.');

INSERT INTO PRODUCTOS (NOMBRE, IMAGEN, VALOR, MONEDA, DESCUENTO, IMPUESTO, DESCRIPCION_BREVE, DESCRIPCION_TECNICA)
VALUES ('MOTOR V8 CHEVROLET', '/img/motor6.png', 800, 'HKD', 0.5, 0.15, 'Motor V8 Chevrolet', 'Potente motor V8 de Chevrolet diseñado para ofrecer un rendimiento excepcional y una experiencia de conducciOn emocionante en una variedad de vehículos.');

/*DIRECCION*/
INSERT INTO PRODUCTOS (NOMBRE, IMAGEN, VALOR, MONEDA, DESCUENTO, IMPUESTO, DESCRIPCION_BREVE, DESCRIPCION_TECNICA)
VALUES ('BOMBA DE DIRECCION HIDRAULICA', '/img/direccion1.png', 2200, 'USD', 0.10, 0.14, 'Bomba de direcciOn hidráulica', 'Componente crucial del sistema de direcciOn asistida que proporciona la presiOn hidráulica necesaria para asistir en el giro del volante.');

INSERT INTO PRODUCTOS (NOMBRE, IMAGEN, VALOR, MONEDA, DESCUENTO, IMPUESTO, DESCRIPCION_BREVE, DESCRIPCION_TECNICA)
VALUES ('BOMBA DE DIRECCION HIDRAULICA TIPO 2', '/img/direccion2.png', 560, 'EUR', 0.15, 0.12, 'Bomba de direcciOn hidráulica tipo 2', 'Variante de la bomba de direcciOn hidráulica, diseñada para aplicaciones específicas con características y rendimiento mejorados.');

INSERT INTO PRODUCTOS (NOMBRE, IMAGEN, VALOR, MONEDA, DESCUENTO, IMPUESTO, DESCRIPCION_BREVE, DESCRIPCION_TECNICA)
VALUES ('DEPOSITO LIQUIDO DE DIRECCION', '/img/direccion3.png', 750, 'CAD', 0.20, 0.10, 'DepOsito LIQUIDO de direcciOn', 'Contenedor diseñado para almacenar el LIQUIDO hidráulico utilizado en el sistema de direcciOn asistida, asegurando un suministro constante y adecuado de fluido para el correcto funcionamiento del sistema.');

/*SUSPENCION*/
INSERT INTO PRODUCTOS (NOMBRE, IMAGEN, VALOR, MONEDA, DESCUENTO, IMPUESTO, DESCRIPCION_BREVE, DESCRIPCION_TECNICA)
VALUES ('SUSPENSION DE AIRE', '/img/suspencion1.png', 350000, 'USD', 0.10, 0.14, 'SuspensiOn de aire', 'Sistema de suspensiOn de aire diseñado para proporcionar una conducciOn suave y ajustable, ideal para vehículos de alto rendimiento y carga pesada.');

INSERT INTO PRODUCTOS (NOMBRE, IMAGEN, VALOR, MONEDA, DESCUENTO, IMPUESTO, DESCRIPCION_BREVE, DESCRIPCION_TECNICA)
VALUES ('SUSPENSION CONVENCIONAL', '/img/suspencion2.png', 150000, 'EUR', 0.15, 0.12, 'SuspensiOn convencional', 'Sistema de suspensiOn convencional diseñado para ofrecer un equilibrio entre comodidad y manejo, adecuado para aplicaciones diarias y conducciOn en carretera.');

INSERT INTO PRODUCTOS (NOMBRE, IMAGEN, VALOR, MONEDA, DESCUENTO, IMPUESTO, DESCRIPCION_BREVE, DESCRIPCION_TECNICA)
VALUES ('KIT BASICO SUSPENSION', '/img/suspencion3.png', 600000, 'CAD', 0.20, 0.10, 'Kit básico de suspensiOn', 'Kit básico de suspensiOn que incluye componentes esenciales para mejorar la estabilidad y el rendimiento de la suspensiOn de tu vehículo.');

INSERT INTO PRODUCTOS (NOMBRE, IMAGEN, VALOR, MONEDA, DESCUENTO, IMPUESTO, DESCRIPCION_BREVE, DESCRIPCION_TECNICA)
VALUES ('KIT PREMIUM SUSPENSION', '/img/suspencion4.png', 900000, 'CNY', 0.5, 0.13, 'Kit premium de suspensiOn', 'Kit premium de suspensiOn que ofrece características avanzadas y materiales de alta calidad para una mejora significativa en el manejo y la estabilidad del vehículo.');

INSERT INTO PRODUCTOS (NOMBRE, IMAGEN, VALOR, MONEDA, DESCUENTO, IMPUESTO, DESCRIPCION_BREVE, DESCRIPCION_TECNICA)
VALUES ('HERRAMIENTA DE SUSPENSION', '/img/suspencion5.png', 130000, 'AUD', 0.8, 0.11, 'Herramienta de suspensiOn', 'Herramienta especializada diseñada para facilitar la instalaciOn y ajuste de componentes de suspensiOn, permitiendo un trabajo preciso y eficiente.');

INSERT INTO PRODUCTOS (NOMBRE, IMAGEN, VALOR, MONEDA, DESCUENTO, IMPUESTO, DESCRIPCION_BREVE, DESCRIPCION_TECNICA)
VALUES ('SUSPENSION DE AIRE 2', '/img/suspencion6.png', 679000, 'MXN', 0.12, 0.15, 'SuspensiOn de aire 2', 'Otra opciOn de suspensiOn de aire diseñada para adaptarse a una variedad de vehículos, proporcionando un nivel ajustable de confort y rendimiento en diferentes condiciones de carga y terreno.');

/*LUCES*/
INSERT INTO PRODUCTOS (NOMBRE, IMAGEN, VALOR, MONEDA, DESCUENTO, IMPUESTO, DESCRIPCION_BREVE, DESCRIPCION_TECNICA)
VALUES ('LUCES LED DE LUJO PARA PERSIANA PARRILLA TIPO TOYOTA FORD', '/img/luces1.png', 100000, 'COP', 0, 0, 'Luces LED de lujo', 'Luces LED diseñadas para instalar en la parrilla tipo Toyota o Ford, proporcionando un aspecto de lujo y mejorando la visibilidad nocturna.');

INSERT INTO PRODUCTOS (NOMBRE, IMAGEN, VALOR, MONEDA, DESCUENTO, IMPUESTO, DESCRIPCION_BREVE, DESCRIPCION_TECNICA)
VALUES ('KIT DE FAROS LED 9005 9006 PARA 2021 KIA SPORTAGE 40000LM', '/img/luces2.png', 300000, 'COP', 0, 0, 'Kit de faros LED', 'Kit de faros LED de alta potencia diseñados específicamente para el modelo 2021 de Kia Sportage, proporcionando una iluminaciOn potente y eficiente.');

INSERT INTO PRODUCTOS (NOMBRE, IMAGEN, VALOR, MONEDA, DESCUENTO, IMPUESTO, DESCRIPCION_BREVE, DESCRIPCION_TECNICA)
VALUES ('EXPLORADORAS DE LED DRL DELANTERAS PARA TOYOTA 4RUNNER 2014-2024', '/img/luces3.png', 699900, 'COP', 0, 0, 'Exploradoras LED DRL delanteras', 'Exploradoras LED con luces diurnas (DRL) diseñadas para Toyota 4Runner modelos 2014-2024, ofreciendo un aspecto moderno y mejorando la visibilidad en condiciones de baja luminosidad.');

INSERT INTO PRODUCTOS (NOMBRE, IMAGEN, VALOR, MONEDA, DESCUENTO, IMPUESTO, DESCRIPCION_BREVE, DESCRIPCION_TECNICA)
VALUES ('FAROLAS LED DRL TIPO XB PARA TOYOTA LAND CRUISER SERIES 70-71-76-77-78-79', '/img/luces4.png', 5999900, 'COP', 0, 0, 'Farolas LED DRL tipo XB', 'Farolas LED con luces diurnas (DRL) de tipo XB diseñadas para Toyota Land Cruiser series 70-71-76-77-78-79, proporcionando una iluminaciOn potente y duradera.');

INSERT INTO PRODUCTOS (NOMBRE, IMAGEN, VALOR, MONEDA, DESCUENTO, IMPUESTO, DESCRIPCION_BREVE, DESCRIPCION_TECNICA)
VALUES ('FAROLAS LED DRL TIPO DUBAI DELUXE PARA TOYOTA HILUX 2021-2024', '/img/luces5.png', 5199900, 'COP', 0.5, 0.3, 'Farolas LED DRL tipo Dubai Deluxe', 'Farolas LED con luces diurnas (DRL) de tipo Dubai Deluxe diseñadas para Toyota Hilux modelos 2021-2024, ofreciendo un diseño elegante y una iluminaciOn brillante.');

INSERT INTO PRODUCTOS (NOMBRE, IMAGEN, VALOR, MONEDA, DESCUENTO, IMPUESTO, DESCRIPCION_BREVE, DESCRIPCION_TECNICA)
VALUES ('PESTAÑAS LED DRL DELANTERAS PARA TOYOTA LAND CRUISER LC300 2022-2024', '/img/luces6.png', 1049900, 'COP', 0, 0, 'Pestañas LED DRL delanteras', 'Pestañas LED con luces diurnas (DRL) delanteras diseñadas para Toyota Land Cruiser LC300 modelos 2022-2024, proporcionando un aspecto personalizado y una mayor visibilidad en la carretera.');

/*SISTEMA DE SEGURIDAD*/
INSERT INTO PRODUCTOS (NOMBRE, IMAGEN, VALOR, MONEDA, DESCUENTO, IMPUESTO, DESCRIPCION_BREVE, DESCRIPCION_TECNICA)
VALUES ('MODULO DE ALARMA CHEVROLET O CHEVYSTAR ORIGINAL', '/img/seguridad1.png', 419900, 'COP', 0.10, 0, 'MOdulo de alarma original', 'MOdulo de alarma diseñado específicamente para vehículos Chevrolet o compatible con el sistema ChevyStar, proporcionando seguridad adicional con funciones de alarma y protecciOn.');

INSERT INTO PRODUCTOS (NOMBRE, IMAGEN, VALOR, MONEDA, DESCUENTO, IMPUESTO, DESCRIPCION_BREVE, DESCRIPCION_TECNICA)
VALUES ('DVR CON PANTALLA FULL HD 1080P DE 3 CAMARAS CON REVERSA PARA CARROS', '/img/seguridad2.png', 200100, 'COP', 0, 0, 'DVR con pantalla Full HD y cámaras para autos', 'Sistema de grabaciOn de video con pantalla Full HD y tres cámaras, incluida una cámara de reversa, para registrar y monitorear la actividad alrededor del vehículo.');

INSERT INTO PRODUCTOS (NOMBRE, IMAGEN, VALOR, MONEDA, DESCUENTO, IMPUESTO, DESCRIPCION_BREVE, DESCRIPCION_TECNICA)
VALUES ('CONTROL ALARMA ULTRA', '/img/seguridad3.png', 809, 'USD', 0.2, 0.19, 'Control de alarma ultra', 'Control remoto avanzado para sistemas de alarma, con características de seguridad adicionales y compatibilidad con una variedad de sistemas de seguridad vehicular para una protecciOn Optima.');

/*SENSORES*/
INSERT INTO PRODUCTOS (NOMBRE, IMAGEN, VALOR, MONEDA, DESCUENTO, IMPUESTO, DESCRIPCION_BREVE, DESCRIPCION_TECNICA)
VALUES ('SENSORES DE REVERSA', '/img/sensores1.png', 1000, 'USD', 0.1, 0.14, 'Sensores de reversa', 'Sensores diseñados para detectar objetos y alertar al conductor sobre obstáculos detrás del vehículo, mejorando la seguridad al estacionar o dar marcha atrás.');

INSERT INTO PRODUCTOS (NOMBRE, IMAGEN, VALOR, MONEDA, DESCUENTO, IMPUESTO, DESCRIPCION_BREVE, DESCRIPCION_TECNICA)
VALUES ('KIT SENSORES', '/img/sensores2.png', 229, 'EUR', 0.15, 0.12, 'Kit de sensores', 'Kit completo que incluye sensores de reversa y todo lo necesario para su instalaciOn, proporcionando una soluciOn conveniente y efectiva para mejorar la seguridad al retroceder.');

INSERT INTO PRODUCTOS (NOMBRE, IMAGEN, VALOR, MONEDA, DESCUENTO, IMPUESTO, DESCRIPCION_BREVE, DESCRIPCION_TECNICA)
VALUES ('SISTEMA START', '/img/sensores3.png', 660, 'CAD', 0.2, 0.1, 'Sistema Start', 'Sistema avanzado que combina sensores de reversa con otras funciones de seguridad y comodidad, como arranque remoto, para una experiencia de conducciOn más conveniente.');

INSERT INTO PRODUCTOS (NOMBRE, IMAGEN, VALOR, MONEDA, DESCUENTO, IMPUESTO, DESCRIPCION_BREVE, DESCRIPCION_TECNICA)
VALUES ('KIT COMPLETO', '/img/sensores4.png', 316, 'CNY', 0.05, 0.13, 'Kit completo', 'Kit completo de sensores de reversa que incluye tanto sensores como una cámara de respaldo, ofreciendo una soluciOn integral para mejorar la seguridad al estacionar.');

INSERT INTO PRODUCTOS (NOMBRE, IMAGEN, VALOR, MONEDA, DESCUENTO, IMPUESTO, DESCRIPCION_BREVE, DESCRIPCION_TECNICA)
VALUES ('CAMARA DE REVERSA DOMO', '/img/sensores5.png', 80, 'AUD', 0.08, 0.11, 'Cámara de reversa domo', 'Cámara compacta diseñada para montarse en la parte trasera del vehículo, proporcionando una vista clara y amplia del área detrás del vehículo para facilitar el estacionamiento y el retroceso.');

INSERT INTO PRODUCTOS (NOMBRE, IMAGEN, VALOR, MONEDA, DESCUENTO, IMPUESTO, DESCRIPCION_BREVE, DESCRIPCION_TECNICA)
VALUES ('SENSOR REVERSA CON CAMARA', '/img/sensores6.png', 2300, 'MXN', 0.12, 0.15, 'Sensor de reversa con cámara', 'Sensor de reversa integrado con una cámara de respaldo, proporcionando tanto alertas audibles como visuales para ayudar al conductor a evitar colisiones al retroceder.');


/*BATERIAS*/
INSERT INTO PRODUCTOS (NOMBRE, IMAGEN, VALOR, MONEDA, DESCUENTO, IMPUESTO, DESCRIPCION_BREVE, DESCRIPCION_TECNICA)
VALUES ('BATERIA MAC SILVER', '/img/bateria1.png', 1100, 'USD', 0.1, 0.14, 'Batería Mac Silver', 'Batería de la línea Mac Silver, proporciona una potencia confiable y duradera para arranques suaves en una amplia gama de vehículos.');

INSERT INTO PRODUCTOS (NOMBRE, IMAGEN, VALOR, MONEDA, DESCUENTO, IMPUESTO, DESCRIPCION_BREVE, DESCRIPCION_TECNICA)
VALUES ('BATERIA CARO EXTREMA', '/img/bateria2.png', 5000, 'EUR', 0.15, 0.12, 'Batería Caro Extrema', 'Batería de la serie Caro Extrema, diseñada para aplicaciones de alto rendimiento y resistencia, ofrece una potencia excepcional y una vida útil prolongada.');

INSERT INTO PRODUCTOS (NOMBRE, IMAGEN, VALOR, MONEDA, DESCUENTO, IMPUESTO, DESCRIPCION_BREVE, DESCRIPCION_TECNICA)
VALUES ('BATERIA MAC GOLD', '/img/bateria3.png', 1800, 'CAD', 0.2, 0.1, 'Batería Mac Gold', 'Batería de la línea Mac Gold, proporciona una potencia superior y una fiabilidad excepcional en condiciones de funcionamiento exigentes.');

INSERT INTO PRODUCTOS (NOMBRE, IMAGEN, VALOR, MONEDA, DESCUENTO, IMPUESTO, DESCRIPCION_BREVE, DESCRIPCION_TECNICA)
VALUES ('BATERIA 48 VARTA', '/img/bateria4.png', 500, 'CNY', 0.05, 0.13, 'Batería 48 Varta', 'Batería de la serie 48 Varta, diseñada para ofrecer un rendimiento fiable y duradero en una amplia variedad de aplicaciones automotrices.');


INSERT INTO PRODUCTOS (NOMBRE, IMAGEN, VALOR, MONEDA, DESCUENTO, IMPUESTO, DESCRIPCION_BREVE, DESCRIPCION_TECNICA)
VALUES ('BATERIA VARTA BLACK', '/img/bateria6.png', 950, 'MXN', 0.12, 0.15, 'Batería Varta Black', 'Batería de la serie Varta Black, diseñada para proporcionar un rendimiento constante y una vida útil prolongada en vehículos de diferentes tipos y tamaños.');

/*ACEITES*/
INSERT INTO PRODUCTOS (NOMBRE, IMAGEN, VALOR, MONEDA, DESCUENTO, IMPUESTO, DESCRIPCION_BREVE, DESCRIPCION_TECNICA)
VALUES ('ACEITE ESTANDAR', '/img/aceite1.png', 2000, 'USD', 0.1, 0.14, 'Aceite estándar', 'Aceite convencional para motores de vehículos, proporciona lubricaciOn básica y protecciOn contra el desgaste.');

INSERT INTO PRODUCTOS (NOMBRE, IMAGEN, VALOR, MONEDA, DESCUENTO, IMPUESTO, DESCRIPCION_BREVE, DESCRIPCION_TECNICA)
VALUES ('ACEITE PREMIUM', '/img/aceite2.png', 200, 'EUR', 0.12, 0.12, 'Aceite premium', 'Aceite de calidad premium formulado para ofrecer una lubricaciOn superior y una protecciOn avanzada contra el desgaste del motor.');

INSERT INTO PRODUCTOS (NOMBRE, IMAGEN, VALOR, MONEDA, DESCUENTO, IMPUESTO, DESCRIPCION_BREVE, DESCRIPCION_TECNICA)
VALUES ('ACEITE SINTETICO', '/img/aceite3.png', 300, 'CAD', 0.15, 0.1, 'Aceite sintético', 'Aceite de tecnología sintética diseñado para proporcionar una lubricaciOn excepcional y una protecciOn superior contra el desgaste, resistente a altas temperaturas y condiciones de funcionamiento extremas.');

/*LIQUIDO DE FRENOS*/
INSERT INTO PRODUCTOS (NOMBRE, IMAGEN, VALOR, MONEDA, DESCUENTO, IMPUESTO, DESCRIPCION_BREVE, DESCRIPCION_TECNICA)
VALUES ('LIQUIDO DE FRENOS ESTANDAR', '/img/liq1.png', 3500, 'EUR', 0.1, 0.14, 'LIQUIDO de frenos estándar', 'LIQUIDO de frenos convencional, adecuado para sistemas de frenado estándar, proporciona una respuesta de frenado fiable.');

INSERT INTO PRODUCTOS (NOMBRE, IMAGEN, VALOR, MONEDA, DESCUENTO, IMPUESTO, DESCRIPCION_BREVE, DESCRIPCION_TECNICA)
VALUES ('LIQUIDO DE FRENOS PREMIUM', '/img/liq2.png', 500, 'USD', 0.15, 0.1, 'LIQUIDO de frenos premium', 'LIQUIDO de frenos de calidad premium, con propiedades de alto rendimiento para una respuesta de frenado mejorada y una protecciOn contra la corrosiOn.');

INSERT INTO PRODUCTOS (NOMBRE, IMAGEN, VALOR, MONEDA, DESCUENTO, IMPUESTO, DESCRIPCION_BREVE, DESCRIPCION_TECNICA)
VALUES ('LIQUIDO DE FRENOS DE ALTO RENDIMIENTO', '/img/liq3.png', 750000, 'USD', 0.2, 0.12, 'LIQUIDO de frenos de alto rendimiento', 'LIQUIDO de frenos diseñado para aplicaciones de alto rendimiento, proporciona una resistencia térmica superior y una respuesta de frenado excepcional en condiciones extremas.');

INSERT INTO PRODUCTOS (NOMBRE, IMAGEN, VALOR, MONEDA, DESCUENTO, IMPUESTO, DESCRIPCION_BREVE, DESCRIPCION_TECNICA)
VALUES ('LIQUIDO DE FRENOS SINTETICO', '/img/liq4.png', 2000, 'MXN', 0.1, 0.1, 'LIQUIDO de frenos sintético', 'LIQUIDO de frenos de tecnología sintética, formulado para ofrecer una estabilidad térmica superior y una protecciOn contra la corrosiOn en sistemas de frenado modernos.');

INSERT INTO PRODUCTOS (NOMBRE, IMAGEN, VALOR, MONEDA, DESCUENTO, IMPUESTO, DESCRIPCION_BREVE, DESCRIPCION_TECNICA)
VALUES ('LIQUIDO DE FRENOS RACING', '/img/liq5.png', 120, 'CNY', 0.25, 0.15, 'LIQUIDO de frenos racing', 'LIQUIDO de frenos diseñado específicamente para aplicaciones de competiciOn, proporciona una resistencia térmica excepcional y una respuesta de frenado Optima en condiciones extremas de carreras.');

INSERT INTO PRODUCTOS (NOMBRE, IMAGEN, VALOR, MONEDA, DESCUENTO, IMPUESTO, DESCRIPCION_BREVE, DESCRIPCION_TECNICA)
VALUES ('LIQUIDO DE FRENOS PROFESIONAL', '/img/liq6.png', 130, 'USD', 0.2, 0.12, 'LIQUIDO de frenos profesional', 'LIQUIDO de frenos de uso profesional, diseñado para proporcionar un rendimiento fiable y una protecciOn duradera en una amplia gama de condiciones de conducciOn.');

/*DIRECCION*/
INSERT INTO PRODUCTOS (NOMBRE, IMAGEN, VALOR, MONEDA, DESCUENTO, IMPUESTO, DESCRIPCION_BREVE, DESCRIPCION_TECNICA)
VALUES ('LIQUIDO DE DIRECCION ESTANDAR', '/img/redi1.png', 100, 'AUD', 0.05, 0.12, 'LIQUIDO de direcciOn estándar', 'LIQUIDO de direcciOn convencional para sistemas de direcciOn asistida, proporciona lubricaciOn y protecciOn contra la corrosiOn.');

INSERT INTO PRODUCTOS (NOMBRE, IMAGEN, VALOR, MONEDA, DESCUENTO, IMPUESTO, DESCRIPCION_BREVE, DESCRIPCION_TECNICA)
VALUES ('LIQUIDO DE DIRECCION PREMIUM', '/img/redi2.png', 200000, 'USD', 0.1, 0.1, 'LIQUIDO de direcciOn premium', 'LIQUIDO de direcciOn de calidad premium, formulado para proporcionar una lubricaciOn superior y protecciOn contra el desgaste en sistemas de direcciOn asistida avanzados.');

INSERT INTO PRODUCTOS (NOMBRE, IMAGEN, VALOR, MONEDA, DESCUENTO, IMPUESTO, DESCRIPCION_BREVE, DESCRIPCION_TECNICA)
VALUES ('ALTO RENDIMIENTO DIRECCION', '/img/redi3.png', 250000, 'BRL', 0.08, 0.12, 'Alto rendimiento direcciOn', 'LIQUIDO de direcciOn de alto rendimiento diseñado para ofrecer una respuesta precisa y una conducciOn suave en condiciones exigentes.');

INSERT INTO PRODUCTOS (NOMBRE, IMAGEN, VALOR, MONEDA, DESCUENTO, IMPUESTO, DESCRIPCION_BREVE, DESCRIPCION_TECNICA)
VALUES ('LIQUIDO DE DIRECCION SINTETICO', '/img/redi4.png', 110090, 'USD', 0.07, 0.1, 'LIQUIDO de direcciOn sintético', 'LIQUIDO de direcciOn de tecnología sintética diseñado para resistir altas temperaturas y proporcionar una lubricaciOn duradera en sistemas de direcciOn asistida.');

INSERT INTO PRODUCTOS (NOMBRE, IMAGEN, VALOR, MONEDA, DESCUENTO, IMPUESTO, DESCRIPCION_BREVE, DESCRIPCION_TECNICA)
VALUES ('LIQUIDO DE DIRECCION RACING', '/img/redi5.png', 280000, 'JPY', 0.12, 0.15, 'LIQUIDO de direcciOn racing', 'LIQUIDO de direcciOn de alto rendimiento diseñado específicamente para vehículos de competiciOn, ofrece una respuesta rápida y precisa en condiciones extremas.');

INSERT INTO PRODUCTOS (NOMBRE, IMAGEN, VALOR, MONEDA, DESCUENTO, IMPUESTO, DESCRIPCION_BREVE, DESCRIPCION_TECNICA)
VALUES ('LIQUIDO DIRECCION PROFESIONAL', '/img/redi6.png', 300000, 'USD', 0.1, 0.12, 'LIQUIDO direcciOn profesional', 'LIQUIDO de direcciOn de uso profesional, formulado para proporcionar un rendimiento superior y una protecciOn duradera en sistemas de direcciOn asistida de alta exigencia.');

/*REFIGERANTE*/
INSERT INTO PRODUCTOS (NOMBRE, IMAGEN, VALOR, MONEDA, DESCUENTO, IMPUESTO, DESCRIPCION_BREVE, DESCRIPCION_TECNICA)
VALUES ('REFRIGERANTE ESTANDAR', '/img/refri.png', 80, 'BRL', 0.05, 0.12, 'Refrigerante estándar', 'Refrigerante estándar para sistemas de enfriamiento de vehículos, proporciona protecciOn contra el sobrecalentamiento y la corrosiOn.');

INSERT INTO PRODUCTOS (NOMBRE, IMAGEN, VALOR, MONEDA, DESCUENTO, IMPUESTO, DESCRIPCION_BREVE, DESCRIPCION_TECNICA)
VALUES ('REFRIGERANTE PREMIUM', '/img/refri2.png', 110, 'AUD', 0.1, 0.1, 'Refrigerante premium', 'Refrigerante de calidad premium con propiedades de enfriamiento avanzadas y protecciOn duradera contra la corrosiOn y el Oxido.');

INSERT INTO PRODUCTOS (NOMBRE, IMAGEN, VALOR, MONEDA, DESCUENTO, IMPUESTO, DESCRIPCION_BREVE, DESCRIPCION_TECNICA)
VALUES ('REFRIGERANTE +RENDIMIENTO', '/img/refri3.png', 140, 'CAD', 0.08, 0.12, 'Refrigerante +rendimiento', 'Refrigerante formulado para ofrecer un rendimiento superior en condiciones extremas, proporciona una refrigeraciOn eficaz y una protecciOn duradera del sistema.');

INSERT INTO PRODUCTOS (NOMBRE, IMAGEN, VALOR, MONEDA, DESCUENTO, IMPUESTO, DESCRIPCION_BREVE, DESCRIPCION_TECNICA)
VALUES ('REFRIGERANTE SINTETICO', '/img/refri4.png', 500, 'MXN', 0.07, 0.1, 'Refrigerante sintético', 'Refrigerante de tecnología sintética diseñado para proporcionar una protecciOn excepcional contra la corrosiOn y el sobrecalentamiento del motor.');

INSERT INTO PRODUCTOS (NOMBRE, IMAGEN, VALOR, MONEDA, DESCUENTO, IMPUESTO, DESCRIPCION_BREVE, DESCRIPCION_TECNICA)
VALUES ('REFRIGERANTE DE LARGA DURACION', '/img/refri5.png', 160, 'JPY', 0.12, 0.15, 'Refrigerante de larga duraciOn', 'Refrigerante de larga duraciOn que garantiza un rendimiento Optimo del sistema de enfriamiento durante períodos prolongados.');

INSERT INTO PRODUCTOS (NOMBRE, IMAGEN, VALOR, MONEDA, DESCUENTO, IMPUESTO, DESCRIPCION_BREVE, DESCRIPCION_TECNICA)
VALUES ('REFRIGERANTE PROFESIONAL', '/img/refri6.png', 170, 'EUR', 0.1, 0.12, 'Refrigerante profesional', 'Refrigerante de uso profesional, formulado para proporcionar una refrigeraciOn eficiente y una protecciOn duradera en condiciones exigentes.');

/*TRANSMISION*/
INSERT INTO PRODUCTOS (NOMBRE, IMAGEN, VALOR, MONEDA, DESCUENTO, IMPUESTO, DESCRIPCION_BREVE, DESCRIPCION_TECNICA)
VALUES ('PINON PLANO', '/img/transmicion1.png', 700, 'MXN', 0.05, 0.12, 'Pinon plano', 'Componente de transmisiOn diseñado para transmitir el movimiento de forma eficiente en un sistema de transmisiOn.');

INSERT INTO PRODUCTOS (NOMBRE, IMAGEN, VALOR, MONEDA, DESCUENTO, IMPUESTO, DESCRIPCION_BREVE, DESCRIPCION_TECNICA)
VALUES ('KIT CLUTCH EMBRAGUE', '/img/transmicion2.png', 270, 'USD', 0.1, 0.1, 'Kit clutch embrague', 'Conjunto de componentes de embrague diseñados para un rendimiento Optimo y una transmisiOn suave.');

INSERT INTO PRODUCTOS (NOMBRE, IMAGEN, VALOR, MONEDA, DESCUENTO, IMPUESTO, DESCRIPCION_BREVE, DESCRIPCION_TECNICA)
VALUES ('KIT PLANETARIOS Y SATELITES', '/img/transmicion3.png', 1900, 'AUD', 0.08, 0.12, 'Kit planetarios y satélites', 'Kit de componentes planetarios y satélites para sistemas de transmisiOn de alta calidad y durabilidad.');

INSERT INTO PRODUCTOS (NOMBRE, IMAGEN, VALOR, MONEDA, DESCUENTO, IMPUESTO, DESCRIPCION_BREVE, DESCRIPCION_TECNICA)
VALUES ('CAJA DE TRANSMISION AUTOMATICA', '/img/transmicion4.png', 1100, 'USD', 0.07, 0.1, 'Caja de transmisiOn automática', 'Caja de transmisiOn automática diseñada para ofrecer cambios de marcha suaves y eficientes.');

INSERT INTO PRODUCTOS (NOMBRE, IMAGEN, VALOR, MONEDA, DESCUENTO, IMPUESTO, DESCRIPCION_BREVE, DESCRIPCION_TECNICA)
VALUES ('ACDELCO GM ORIGINAL (AUTOMATICA)', '/img/transmicion5.png', 8600, 'JPY', 0.12, 0.15, 'ACDelco GM original (automática)', 'Producto original de ACDelco GM diseñado específicamente para sistemas de transmisiOn automáticos.');

INSERT INTO PRODUCTOS (NOMBRE, IMAGEN, VALOR, MONEDA, DESCUENTO, IMPUESTO, DESCRIPCION_BREVE, DESCRIPCION_TECNICA)
VALUES ('INGKAN POLEA PRIMARIA DE TRANSMISION', '/img/transmicion6.png', 7000, 'USD', 0.1, 0.12, 'Ingkan polea primaria de transmisiOn', 'Polea primaria de transmisiOn de la marca Ingkan, diseñada para garantizar un funcionamiento suave y eficiente del sistema de transmisiOn.');

INSERT INTO PRODUCTOS (NOMBRE, IMAGEN, VALOR, MONEDA, DESCUENTO, IMPUESTO, DESCRIPCION_BREVE, DESCRIPCION_TECNICA)
VALUES ('WILWOOD 140 11385 NEGRO KIT DE PINZA DE FRENO TRASERA', '/img/frenos1.png', 3808, 'BRL', 0, 0.15, 'Kit de pinza de freno trasera Wilwood 140 11385 negro', 'Kit de pinza de freno trasera de la marca Wilwood, modelo 140 11385, color negro.');

/*FRENOS*/
INSERT INTO PRODUCTOS (NOMBRE, IMAGEN, VALOR, MONEDA, DESCUENTO, IMPUESTO, DESCRIPCION_BREVE, DESCRIPCION_TECNICA)
VALUES ('MASTER KIT DE FRENO SUPERPRO TCPT', '/img/frenos2.png', 3688, 'USD', 0, 0.15, 'Master kit de freno Superpro TCPT', 'Kit de freno Superpro TCPT que incluye componentes de alta calidad para un rendimiento superior.');

INSERT INTO PRODUCTOS (NOMBRE, IMAGEN, VALOR, MONEDA, DESCUENTO, IMPUESTO, DESCRIPCION_BREVE, DESCRIPCION_TECNICA)
VALUES ('POWER STOP K2152 - PASTILLAS DE FRENO DELANTERAS', '/img/frenos3.png', 898, 'USD', 0, 0.15, 'Pastillas de freno delanteras Power Stop K2152', 'Pastillas de freno delanteras de la marca Power Stop, modelo K2152, diseñadas para un frenado eficiente.');

INSERT INTO PRODUCTOS (NOMBRE, IMAGEN, VALOR, MONEDA, DESCUENTO, IMPUESTO, DESCRIPCION_BREVE, DESCRIPCION_TECNICA)
VALUES ('KIT DE FRENO DELANTERO Y TRASERO POWER STOP KOE7909', '/img/frenos4.png', 3200, 'MXN', 0, 0.15, 'Kit de freno delantero y trasero Power Stop KOE7909', 'Kit de freno delantero y trasero de la marca Power Stop, modelo KOE7909, para un reemplazo completo de frenos.');

INSERT INTO PRODUCTOS (NOMBRE, IMAGEN, VALOR, MONEDA, DESCUENTO, IMPUESTO, DESCRIPCION_BREVE, DESCRIPCION_TECNICA)
VALUES ('WILWOOD FORGED DYNALITE-M KIT DELANTERO 11.00 EN 1 PC ROTOR', '/img/frenos5.png', 254, 'AUD', 0, 0.15, 'Kit delantero Wilwood Forged Dynalite-M 11.00 en 1 PC rotor', 'Kit delantero de la marca Wilwood, modelo Forged Dynalite-M, con rotor de 11.00 pulgadas en una sola pieza.');

INSERT INTO PRODUCTOS (NOMBRE, IMAGEN, VALOR, MONEDA, DESCUENTO, IMPUESTO, DESCRIPCION_BREVE, DESCRIPCION_TECNICA)
VALUES ('WILWOOD 140 - 11290-BK DELANTERO DE PINZA KIT D52BIG GM', '/img/frenos6.png', 171, 'USD', 0, 0.15, 'Kit delantero de pinza Wilwood 140 - 11290-BK D52/BIG GM', 'Kit delantero de pinza de la marca Wilwood, modelo 140 - 11290-BK, compatible con D52/BIG GM.');

/*ASIENTOS*/
INSERT INTO PRODUCTOS (NOMBRE, IMAGEN, VALOR, MONEDA, DESCUENTO, IMPUESTO, DESCRIPCION_BREVE, DESCRIPCION_TECNICA)
VALUES ('ASIENTO CLASICO', '/img/asiento1.png', 70000, 'COP', 0.2, 0.15, 'Asiento clásico', 'Asiento de estilo clásico diseñado para ofrecer comodidad y elegancia.');

INSERT INTO PRODUCTOS (NOMBRE, IMAGEN, VALOR, MONEDA, DESCUENTO, IMPUESTO, DESCRIPCION_BREVE, DESCRIPCION_TECNICA)
VALUES ('ASIENTO MODERNO', '/img/asiento2.png', 920600, 'COP', 0.3, 0.15, 'Asiento moderno', 'Asiento con diseño moderno y características avanzadas para una experiencia de confort superior.');

INSERT INTO PRODUCTOS (NOMBRE, IMAGEN, VALOR, MONEDA, DESCUENTO, IMPUESTO, DESCRIPCION_BREVE, DESCRIPCION_TECNICA)
VALUES ('ASIENTO ELEGANTE', '/img/asiento3.png', 890000, 'COP', 0.4, 0.15, 'Asiento elegante', 'Asiento elegante y sofisticado diseñado para brindar estilo y confort.');

INSERT INTO PRODUCTOS (NOMBRE, IMAGEN, VALOR, MONEDA, DESCUENTO, IMPUESTO, DESCRIPCION_BREVE, DESCRIPCION_TECNICA)
VALUES ('ASIENTO CONFORT', '/img/asiento4.png', 530, 'USD', 0, 0.15, 'Asiento confort', 'Asiento ergonOmico y cOmodo diseñado para largos períodos de uso.');

INSERT INTO PRODUCTOS (NOMBRE, IMAGEN, VALOR, MONEDA, DESCUENTO, IMPUESTO, DESCRIPCION_BREVE, DESCRIPCION_TECNICA)
VALUES ('ASIENTO PREMIUM', '/img/asiento5.png', 9800, 'MXN', 0, 0.15, 'Asiento premium', 'Asiento premium con materiales de alta calidad y diseño elegante.');

INSERT INTO PRODUCTOS (NOMBRE, IMAGEN, VALOR, MONEDA, DESCUENTO, IMPUESTO, DESCRIPCION_BREVE, DESCRIPCION_TECNICA)
VALUES ('ASIENTO ERGONOMICO', '/img/asiento6.png', 720, 'BRL', 0.2, 0.15, 'Asiento ergonOmico', 'Asiento diseñado ergonOmicamente para promover una postura saludable y reducir la fatiga.');


/*AIRE ACONDICIONADO*/
INSERT INTO PRODUCTOS (NOMBRE, IMAGEN, VALOR, MONEDA, DESCUENTO, IMPUESTO, DESCRIPCION_BREVE, DESCRIPCION_TECNICA)
VALUES ('REJILLA DE AIRE ACONDICIONADO', '/img/aco1.png', 600, 'USD', 0, 0.12, 'Rejilla de aire acondicionado multifuncioanl', 'Rejilla para sistemas de aire acondicionado.');

INSERT INTO PRODUCTOS (NOMBRE, IMAGEN, VALOR, MONEDA, DESCUENTO, IMPUESTO, DESCRIPCION_BREVE, DESCRIPCION_TECNICA)
VALUES ('CALEFACCION DE LUJO', '/img/aco2.png', 388, 'MXN', 0, 0.15, 'CalefacciOn de lujo', 'Sistema de calefacciOn de lujo para espacios interiores.');

INSERT INTO PRODUCTOS (NOMBRE, IMAGEN, VALOR, MONEDA, DESCUENTO, IMPUESTO, DESCRIPCION_BREVE, DESCRIPCION_TECNICA)
VALUES ('FILTRO DE AIRE ACONDICIONADO EFICIENTE', '/img/aco3.png', 1100, 'BRL', 0, 0.15, 'Filtro de aire eficiente', 'Filtro para sistemas de aire acondicionado que garantiza una filtraciOn eficiente.');

INSERT INTO PRODUCTOS (NOMBRE, IMAGEN, VALOR, MONEDA, DESCUENTO, IMPUESTO, DESCRIPCION_BREVE, DESCRIPCION_TECNICA)
VALUES ('ACONDICIONAMIENTO PREMIUM', '/img/aco4.png', 800, 'AUD', 0.3, 0.11, 'Acondicionamiento premium', 'Sistema de acondicionamiento premium con características avanzadas.');

INSERT INTO PRODUCTOS (NOMBRE, IMAGEN, VALOR, MONEDA, DESCUENTO, IMPUESTO, DESCRIPCION_BREVE, DESCRIPCION_TECNICA)
VALUES ('ACONDICIONAMIENTO MODERNO', '/img/aco5.png', 270, 'JPY', 0, 0.13, 'Acondicionamiento moderno', 'Sistema de acondicionamiento de aire con tecnología moderna.');

INSERT INTO PRODUCTOS (NOMBRE, IMAGEN, VALOR, MONEDA, DESCUENTO, IMPUESTO, DESCRIPCION_BREVE, DESCRIPCION_TECNICA)
VALUES ('ACONDICIONAMIENTO TIPO II', '/img/aco6.png', 3500, 'USD', 0, 0.11, 'Acondicionamiento tipo II', 'Sistema de acondicionamiento de aire de tipo II para aplicaciones industriales.');

/*SISTEMA*/
INSERT INTO PRODUCTOS (NOMBRE, IMAGEN, VALOR, MONEDA, DESCUENTO, IMPUESTO, DESCRIPCION_BREVE, DESCRIPCION_TECNICA)
VALUES ('ALTAVOZ DINAMICO 0', '/img/sistema1.png', 800, 'MXN', 0.2, 0.15, 'Altavoz dinámico 0', 'Altavoz dinámico de calidad con características avanzadas.');

INSERT INTO PRODUCTOS (NOMBRE, IMAGEN, VALOR, MONEDA, DESCUENTO, IMPUESTO, DESCRIPCION_BREVE, DESCRIPCION_TECNICA)
VALUES ('AUDIO PREMIUM', '/img/sistema2.png', 120, 'USD', 0.1, 0.15, 'Audio premium', 'Sistema de audio premium para una experiencia de sonido superior.');

INSERT INTO PRODUCTOS (NOMBRE, IMAGEN, VALOR, MONEDA, DESCUENTO, IMPUESTO, DESCRIPCION_BREVE, DESCRIPCION_TECNICA)
VALUES ('SISTEMA AVANZADO', '/img/sistema3.png', 9000, 'JPY', 0.3, 0.14, 'Sistema avanzado', 'Sistema de audio avanzado con tecnología de última generaciOn.');

INSERT INTO PRODUCTOS (NOMBRE, IMAGEN, VALOR, MONEDA, DESCUENTO, IMPUESTO, DESCRIPCION_BREVE, DESCRIPCION_TECNICA)
VALUES ('AUDIO EFICIENTE', '/img/sistema4.png', 190, 'USD', 0, 0.11, 'Audio eficiente', 'Sistema de audio eficiente en términos de consumo de energía.');

INSERT INTO PRODUCTOS (NOMBRE, IMAGEN, VALOR, MONEDA, DESCUENTO, IMPUESTO, DESCRIPCION_BREVE, DESCRIPCION_TECNICA)
VALUES ('SISTEMA DE AUDIO SURROUND', '/img/sistema5.png', 790, 'AUD', 0, 0.14, 'Sistema de audio surround', 'Sistema de audio con capacidad de sonido envolvente.');

INSERT INTO PRODUCTOS (NOMBRE, IMAGEN, VALOR, MONEDA, DESCUENTO, IMPUESTO, DESCRIPCION_BREVE, DESCRIPCION_TECNICA)
VALUES ('ALTAVOZ COAXIAL', '/img/sistema6.png', 400, 'USD', 0, 0.10, 'Altavoz coaxial', 'Altavoz con diseño coaxial para una reproducciOn de sonido precisa y clara.');


/*ALINEACION*/
INSERT INTO PRODUCTOS (NOMBRE, IMAGEN, VALOR, MONEDA, DESCUENTO, IMPUESTO, DESCRIPCION_BREVE, DESCRIPCION_TECNICA)
VALUES ('ALINEACION ESTANDAR', '/img/ali1.png', 1500, 'USD', 0, 0, 'AlineaciOn estándar', 'Servicio de alineaciOn estándar para vehículos.');

INSERT INTO PRODUCTOS (NOMBRE, IMAGEN, VALOR, MONEDA, DESCUENTO, IMPUESTO, DESCRIPCION_BREVE, DESCRIPCION_TECNICA)
VALUES ('ALINEACION PREMIUM', '/img/ali2.png', 1700, 'AUD', 0, 0.5, 'AlineaciOn premium', 'Servicio de alineaciOn premium con ajustes avanzados.');

INSERT INTO PRODUCTOS (NOMBRE, IMAGEN, VALOR, MONEDA, DESCUENTO, IMPUESTO, DESCRIPCION_BREVE, DESCRIPCION_TECNICA)
VALUES ('ALINEACION TOP', '/img/ali3.png', 190, 'MXN', 0, 0.13, 'AlineaciOn top', 'Servicio de alineaciOn de alta calidad con precisiOn excepcional.');


/*REPUESTOS*/
INSERT INTO PRODUCTOS (NOMBRE, IMAGEN, VALOR, MONEDA, DESCUENTO, IMPUESTO, DESCRIPCION_BREVE, DESCRIPCION_TECNICA)
VALUES ('REPUESTO ESTANDAR', '/img/repu1.png', 7500, 'USD', 0.1, 0.15, 'Repuesto estándar', 'Repuesto de calidad estándar para uso general.');

INSERT INTO PRODUCTOS (NOMBRE, IMAGEN, VALOR, MONEDA, DESCUENTO, IMPUESTO, DESCRIPCION_BREVE, DESCRIPCION_TECNICA)
VALUES ('REPUESTO PREMIUM', '/img/repu2.png', 9000, 'USD', 0.3, 0.12, 'Repuesto premium', 'Repuesto de alta calidad premium para un rendimiento superior.');

INSERT INTO PRODUCTOS (NOMBRE, IMAGEN, VALOR, MONEDA, DESCUENTO, IMPUESTO, DESCRIPCION_BREVE, DESCRIPCION_TECNICA)
VALUES ('REPUESTO ASDF', '/img/repu3.png', 1050, 'BRL', 0.8, 0.1, 'Repuesto ASDF', 'Repuesto de tipo ASDF con características especiales.');

INSERT INTO PRODUCTOS (NOMBRE, IMAGEN, VALOR, MONEDA, DESCUENTO, IMPUESTO, DESCRIPCION_BREVE, DESCRIPCION_TECNICA)
VALUES ('REPUESTO SINTETICO', '/img/repu4.png', 560, 'USD', 0, 0.19, 'Repuesto sintético', 'Repuesto fabricado con materiales sintéticos para mayor durabilidad.');

INSERT INTO PRODUCTOS (NOMBRE, IMAGEN, VALOR, MONEDA, DESCUENTO, IMPUESTO, DESCRIPCION_BREVE, DESCRIPCION_TECNICA)
VALUES ('LARGA DURACION', '/img/repu5.png', 110, 'USD', 0, 0.19, 'Larga duraciOn', 'Producto diseñado para tener una vida útil prolongada.');

INSERT INTO PRODUCTOS (NOMBRE, IMAGEN, VALOR, MONEDA, DESCUENTO, IMPUESTO, DESCRIPCION_BREVE, DESCRIPCION_TECNICA)
VALUES ('REPUESTO PROFESIONAL', '/img/repu6.png', 120, 'USD', 0, 0.19, 'Repuesto profesional', 'Repuesto diseñado para uso profesional con estándares de calidad elevados.');



/*POBLANDO PORDUCTOS POR CATEGORIA*/
/*MECANICA*/
INSERT INTO PRODUCTOS_POR_CATEGORIA VALUES('MECÁNICA','MOTOR V10');
INSERT INTO PRODUCTOS_POR_CATEGORIA VALUES('MECÁNICA','MOTOR ELECTRICO YZ2023');
INSERT INTO PRODUCTOS_POR_CATEGORIA VALUES('MECÁNICA','BMW 528XI');
INSERT INTO PRODUCTOS_POR_CATEGORIA VALUES('MECÁNICA','MOTOR MAZDA 3');
INSERT INTO PRODUCTOS_POR_CATEGORIA VALUES('MECÁNICA','MOTOR V8 DE HIDROGENO');
INSERT INTO PRODUCTOS_POR_CATEGORIA VALUES('MECÁNICA','MOTOR V8 CHEVROLET');
INSERT INTO PRODUCTOS_POR_CATEGORIA VALUES('MECÁNICA','BOMBA DE DIRECCION HIDRAULICA');
INSERT INTO PRODUCTOS_POR_CATEGORIA VALUES('MECÁNICA','BOMBA DE DIRECCION HIDRAULICA TIPO 2');
INSERT INTO PRODUCTOS_POR_CATEGORIA VALUES('MECÁNICA','DEPOSITO LIQUIDO DE DIRECCION');
INSERT INTO PRODUCTOS_POR_CATEGORIA VALUES('MECÁNICA','SUSPENSION DE AIRE');
INSERT INTO PRODUCTOS_POR_CATEGORIA VALUES('MECÁNICA','SUSPENSION CONVENCIONAL');
INSERT INTO PRODUCTOS_POR_CATEGORIA VALUES('MECÁNICA','KIT BASICO SUSPENSION');
INSERT INTO PRODUCTOS_POR_CATEGORIA VALUES('MECÁNICA','KIT PREMIUM SUSPENSION');
INSERT INTO PRODUCTOS_POR_CATEGORIA VALUES('MECÁNICA','SUSPENSION DE AIRE 2');
INSERT INTO PRODUCTOS_POR_CATEGORIA VALUES ('MECÁNICA','HERRAMIENTA DE SUSPENSION');
INSERT INTO PRODUCTOS_POR_CATEGORIA VALUES ('MECÁNICA','MASTER KIT DE FRENO SUPERPRO TCPT');
INSERT INTO PRODUCTOS_POR_CATEGORIA VALUES ('MECÁNICA','WILWOOD 140 - 11290-BK DELANTERO DE PINZA KIT D52BIG GM');
INSERT INTO PRODUCTOS_POR_CATEGORIA VALUES ('MECÁNICA','POWER STOP K2152 - PASTILLAS DE FRENO DELANTERAS');
INSERT INTO PRODUCTOS_POR_CATEGORIA VALUES ('MECÁNICA','KIT DE FRENO DELANTERO Y TRASERO POWER STOP KOE7909');
INSERT INTO PRODUCTOS_POR_CATEGORIA VALUES ('MECÁNICA','ASIENTO PREMIUM');
INSERT INTO PRODUCTOS_POR_CATEGORIA VALUES ('MECÁNICA','WILWOOD FORGED DYNALITE-M KIT DELANTERO 11.00 EN 1 PC ROTOR');





/*ELECTRONICA*/
INSERT INTO PRODUCTOS_POR_CATEGORIA VALUES('ELECTRONICA','LUCES LED DE LUJO PARA PERSIANA PARRILLA TIPO TOYOTA FORD');
INSERT INTO PRODUCTOS_POR_CATEGORIA VALUES('ELECTRONICA','KIT DE FAROS LED 9005 9006 PARA 2021 KIA SPORTAGE 40000LM');
INSERT INTO PRODUCTOS_POR_CATEGORIA VALUES('ELECTRONICA','EXPLORADORAS DE LED DRL DELANTERAS PARA TOYOTA 4RUNNER 2014-2024');
INSERT INTO PRODUCTOS_POR_CATEGORIA VALUES('ELECTRONICA','FAROLAS LED DRL TIPO XB PARA TOYOTA LAND CRUISER SERIES 70-71-76-77-78-79');
INSERT INTO PRODUCTOS_POR_CATEGORIA VALUES('ELECTRONICA','FAROLAS LED DRL TIPO DUBAI DELUXE PARA TOYOTA HILUX 2021-2024');
INSERT INTO PRODUCTOS_POR_CATEGORIA VALUES('ELECTRONICA','PESTAÑAS LED DRL DELANTERAS PARA TOYOTA LAND CRUISER LC300 2022-2024');
INSERT INTO PRODUCTOS_POR_CATEGORIA VALUES('ELECTRONICA','MODULO DE ALARMA CHEVROLET O CHEVYSTAR ORIGINAL');
INSERT INTO PRODUCTOS_POR_CATEGORIA VALUES('ELECTRONICA','CONTROL ALARMA ULTRA');
INSERT INTO PRODUCTOS_POR_CATEGORIA VALUES('ELECTRONICA','SENSORES DE REVERSA');
INSERT INTO PRODUCTOS_POR_CATEGORIA VALUES('ELECTRONICA','KIT SENSORES');
INSERT INTO PRODUCTOS_POR_CATEGORIA VALUES('ELECTRONICA','SISTEMA START');
INSERT INTO PRODUCTOS_POR_CATEGORIA VALUES('ELECTRONICA','KIT COMPLETO');
INSERT INTO PRODUCTOS_POR_CATEGORIA VALUES('ELECTRONICA','CAMARA DE REVERSA DOMO');
INSERT INTO PRODUCTOS_POR_CATEGORIA VALUES('ELECTRONICA','SENSOR REVERSA CON CAMARA');
INSERT INTO PRODUCTOS_POR_CATEGORIA VALUES('ELECTRONICA','BATERIA MAC SILVER');
INSERT INTO PRODUCTOS_POR_CATEGORIA VALUES('ELECTRONICA','BATERIA CARO EXTREMA');
INSERT INTO PRODUCTOS_POR_CATEGORIA VALUES('ELECTRONICA','BATERIA MAC GOLD');
INSERT INTO PRODUCTOS_POR_CATEGORIA VALUES('ELECTRONICA','BATERIA 48 VARTA');
INSERT INTO PRODUCTOS_POR_CATEGORIA VALUES('ELECTRONICA','BATERIA VARTA BLACK');
INSERT INTO PRODUCTOS_POR_CATEGORIA VALUES('ELECTRONICA','MOTOR V10');



/*FLUIDOS*/
INSERT INTO PRODUCTOS_POR_CATEGORIA VALUES ('FLUIDOS','ACEITE ESTANDAR');
INSERT INTO PRODUCTOS_POR_CATEGORIA VALUES ('FLUIDOS','ACEITE PREMIUM');
INSERT INTO PRODUCTOS_POR_CATEGORIA VALUES ('FLUIDOS','ACEITE SINTETICO');
INSERT INTO PRODUCTOS_POR_CATEGORIA VALUES ('FLUIDOS', 'LIQUIDO DE FRENOS ESTANDAR');
INSERT INTO PRODUCTOS_POR_CATEGORIA VALUES ('FLUIDOS', 'LIQUIDO DE FRENOS PREMIUM');
INSERT INTO PRODUCTOS_POR_CATEGORIA VALUES ('FLUIDOS', 'LIQUIDO DE FRENOS DE ALTO RENDIMIENTO');
INSERT INTO PRODUCTOS_POR_CATEGORIA VALUES ('FLUIDOS', 'LIQUIDO DE FRENOS SINTETICO');
INSERT INTO PRODUCTOS_POR_CATEGORIA VALUES ('FLUIDOS', 'LIQUIDO DE FRENOS RACING');
INSERT INTO PRODUCTOS_POR_CATEGORIA VALUES ('FLUIDOS', 'LIQUIDO DE FRENOS PROFESIONAL');
INSERT INTO PRODUCTOS_POR_CATEGORIA VALUES ('FLUIDOS', 'LIQUIDO DE DIRECCION ESTANDAR');
INSERT INTO PRODUCTOS_POR_CATEGORIA VALUES ('FLUIDOS', 'LIQUIDO DE DIRECCION PREMIUM');
INSERT INTO PRODUCTOS_POR_CATEGORIA VALUES ('FLUIDOS', 'ALTO RENDIMIENTO DIRECCION');
INSERT INTO PRODUCTOS_POR_CATEGORIA VALUES ('FLUIDOS', 'LIQUIDO DE DIRECCION SINTETICO');
INSERT INTO PRODUCTOS_POR_CATEGORIA VALUES ('FLUIDOS', 'LIQUIDO DE DIRECCION RACING');
INSERT INTO PRODUCTOS_POR_CATEGORIA VALUES ('FLUIDOS', 'LIQUIDO DIRECCION PROFESIONAL');
INSERT INTO PRODUCTOS_POR_CATEGORIA VALUES ('FLUIDOS', 'REFRIGERANTE ESTANDAR');
INSERT INTO PRODUCTOS_POR_CATEGORIA VALUES ('FLUIDOS', 'REFRIGERANTE PREMIUM');
INSERT INTO PRODUCTOS_POR_CATEGORIA VALUES ('FLUIDOS', 'REFRIGERANTE +RENDIMIENTO');
INSERT INTO PRODUCTOS_POR_CATEGORIA VALUES ('FLUIDOS', 'REFRIGERANTE SINTETICO');
INSERT INTO PRODUCTOS_POR_CATEGORIA VALUES ('FLUIDOS', 'REFRIGERANTE DE LARGA DURACION');
INSERT INTO PRODUCTOS_POR_CATEGORIA VALUES ('FLUIDOS', 'REFRIGERANTE PROFESIONAL');

/*PIEZAS*/
INSERT INTO PRODUCTOS_POR_CATEGORIA VALUES ('PIEZAS', 'PINON PLANO');
INSERT INTO PRODUCTOS_POR_CATEGORIA VALUES ('PIEZAS', 'KIT CLUTCH EMBRAGUE');
INSERT INTO PRODUCTOS_POR_CATEGORIA VALUES ('PIEZAS', 'KIT PLANETARIOS Y SATELITES');
INSERT INTO PRODUCTOS_POR_CATEGORIA VALUES ('PIEZAS', 'CAJA DE TRANSMISION AUTOMATICA');
INSERT INTO PRODUCTOS_POR_CATEGORIA VALUES ('PIEZAS', 'ACDELCO GM ORIGINAL (AUTOMATICA)');
INSERT INTO PRODUCTOS_POR_CATEGORIA VALUES ('PIEZAS', 'INGKAN POLEA PRIMARIA DE TRANSMISION');
INSERT INTO PRODUCTOS_POR_CATEGORIA VALUES ('PIEZAS', 'WILWOOD 140 11385 NEGRO KIT DE PINZA DE FRENO TRASERA');

/*INTERIOR*/
INSERT INTO PRODUCTOS_POR_CATEGORIA VALUES ('INTERIOR','ASIENTO CLASICO');
INSERT INTO PRODUCTOS_POR_CATEGORIA VALUES ('INTERIOR','ASIENTO MODERNO');
INSERT INTO PRODUCTOS_POR_CATEGORIA VALUES ('INTERIOR','ASIENTO ELEGANTE');
INSERT INTO PRODUCTOS_POR_CATEGORIA VALUES ('INTERIOR','ASIENTO CONFORT');
INSERT INTO PRODUCTOS_POR_CATEGORIA VALUES ('INTERIOR', 'ASIENTO ERGONOMICO');
INSERT INTO PRODUCTOS_POR_CATEGORIA VALUES ('INTERIOR', 'REJILLA DE AIRE ACONDICIONADO');
INSERT INTO PRODUCTOS_POR_CATEGORIA VALUES ('INTERIOR', 'CALEFACCION DE LUJO');
INSERT INTO PRODUCTOS_POR_CATEGORIA VALUES ('INTERIOR', 'FILTRO DE AIRE ACONDICIONADO EFICIENTE');
INSERT INTO PRODUCTOS_POR_CATEGORIA VALUES ('INTERIOR', 'ACONDICIONAMIENTO PREMIUM');
INSERT INTO PRODUCTOS_POR_CATEGORIA VALUES ('INTERIOR', 'ACONDICIONAMIENTO MODERNO');
INSERT INTO PRODUCTOS_POR_CATEGORIA VALUES ('INTERIOR', 'ACONDICIONAMIENTO TIPO II');
INSERT INTO PRODUCTOS_POR_CATEGORIA VALUES ('INTERIOR', 'ALTAVOZ DINAMICO 0');
INSERT INTO PRODUCTOS_POR_CATEGORIA VALUES ('INTERIOR', 'AUDIO PREMIUM');
INSERT INTO PRODUCTOS_POR_CATEGORIA VALUES ('INTERIOR', 'SISTEMA AVANZADO');
INSERT INTO PRODUCTOS_POR_CATEGORIA VALUES ('INTERIOR', 'AUDIO EFICIENTE');
INSERT INTO PRODUCTOS_POR_CATEGORIA VALUES ('INTERIOR', 'SISTEMA DE AUDIO SURROUND');
INSERT INTO PRODUCTOS_POR_CATEGORIA VALUES ('INTERIOR', 'ALTAVOZ COAXIAL');

/*NEUMATICOS*/
INSERT INTO PRODUCTOS_POR_CATEGORIA VALUES ('NEUMATICOS', 'ALINEACION ESTANDAR');
INSERT INTO PRODUCTOS_POR_CATEGORIA VALUES ('NEUMATICOS', 'ALINEACION PREMIUM');
INSERT INTO PRODUCTOS_POR_CATEGORIA VALUES ('NEUMATICOS', 'ALINEACION TOP');
INSERT INTO PRODUCTOS_POR_CATEGORIA VALUES ('NEUMATICOS', 'REPUESTO ESTANDAR');
INSERT INTO PRODUCTOS_POR_CATEGORIA VALUES ('NEUMATICOS', 'REPUESTO PREMIUM');
INSERT INTO PRODUCTOS_POR_CATEGORIA VALUES ('NEUMATICOS', 'REPUESTO ASDF');
INSERT INTO PRODUCTOS_POR_CATEGORIA VALUES ('NEUMATICOS', 'REPUESTO SINTETICO');
INSERT INTO PRODUCTOS_POR_CATEGORIA VALUES ('NEUMATICOS', 'LARGA DURACION');
INSERT INTO PRODUCTOS_POR_CATEGORIA VALUES ('NEUMATICOS', 'REPUESTO PROFESIONAL');




/*POBLANDO COTIZACIONES*/

INSERT INTO COTIZACIONES (ID,ESTADO,FECHA_CREACION,MARCA_VEHICULO,MODELO_VEHICULO) VALUES(1,'CREADO', NOW(),'ASTON MARTIN','DBS');
INSERT INTO COTIZACIONES (ID,ESTADO,FECHA_CREACION,MARCA_VEHICULO,MODELO_VEHICULO) VALUES(2,'CREADO', NOW(),'FORD','ESCORT');
INSERT INTO COTIZACIONES (ID,ESTADO,FECHA_CREACION,MARCA_VEHICULO,MODELO_VEHICULO) VALUES(3,'CREADO', NOW(),'ASTON MARTIN','DBS');
INSERT INTO COTIZACIONES (ID,ESTADO,FECHA_CREACION,MARCA_VEHICULO,MODELO_VEHICULO) VALUES(4,'CREADO', NOW(),'FORD','ESCORT');

/*POBLANDO PRODUCTOS POR VEHICULO) */

INSERT INTO PRODUCTOS_POR_VEHICULO VALUES ('ASTON MARTIN','DBS','FAROLAS LED DRL TIPO DUBAI DELUXE PARA TOYOTA HILUX 2021-2024');
INSERT INTO PRODUCTOS_POR_VEHICULO VALUES ('ASTON MARTIN','DBS','DVR CON PANTALLA FULL HD 1080P DE 3 CAMARAS CON REVERSA PARA CARROS');
INSERT INTO PRODUCTOS_POR_VEHICULO VALUES ('ASTON MARTIN','DBS','ASIENTO MODERNO');
INSERT INTO PRODUCTOS_POR_VEHICULO VALUES ('FORD','ESCORT','FAROLAS LED DRL TIPO DUBAI DELUXE PARA TOYOTA HILUX 2021-2024');
INSERT INTO PRODUCTOS_POR_VEHICULO VALUES ('FORD','ESCORT','CONTROL ALARMA ULTRA');



/*POBLANDO CARRITO*/

INSERT INTO CARRITO VALUES (1,'FAROLAS LED DRL TIPO DUBAI DELUXE PARA TOYOTA HILUX 2021-2024');
INSERT INTO CARRITO VALUES (1,'DVR CON PANTALLA FULL HD 1080P DE 3 CAMARAS CON REVERSA PARA CARROS');
INSERT INTO CARRITO VALUES (1,'ASIENTO MODERNO');

INSERT INTO CARRITO VALUES (2,'FAROLAS LED DRL TIPO DUBAI DELUXE PARA TOYOTA HILUX 2021-2024');
INSERT INTO CARRITO VALUES (2,'CONTROL ALARMA ULTRA');

/*Cotizacion 3 --> 6 productos*/
INSERT INTO CARRITO VALUES(3,'WILWOOD FORGED DYNALITE-M KIT DELANTERO 11.00 EN 1 PC ROTOR');
INSERT INTO CARRITO VALUES(3,'WILWOOD 140 11385 NEGRO KIT DE PINZA DE FRENO TRASERA');
INSERT INTO CARRITO VALUES(3,'LIQUIDO DE DIRECCION SINTETICO');
INSERT INTO CARRITO VALUES(3,'ALINEACION ESTANDAR');
INSERT INTO CARRITO VALUES(3,'FILTRO DE AIRE ACONDICIONADO EFICIENTE');
INSERT INTO CARRITO VALUES(3,'REFRIGERANTE ESTANDAR');
INSERT INTO CARRITO VALUES(3,'EXPLORADORAS DE LED DRL DELANTERAS PARA TOYOTA 4RUNNER 2014-2024');


/*cot 4 --> 8*/

INSERT INTO CARRITO VALUES(4,'ALTAVOZ DINAMICO 0');
INSERT INTO CARRITO VALUES(4,'AUDIO PREMIUM');
INSERT INTO CARRITO VALUES(4,'FILTRO DE AIRE ACONDICIONADO EFICIENTE');
INSERT INTO CARRITO VALUES(4,'SENSOR REVERSA CON CAMARA');
INSERT INTO CARRITO VALUES(4,'LIQUIDO DE FRENOS ESTANDAR');
INSERT INTO CARRITO VALUES(4,'KIT PREMIUM SUSPENSION');
INSERT INTO CARRITO VALUES(4,'CAMARA DE REVERSA DOMO');
INSERT INTO CARRITO VALUES(4,'BOMBA DE DIRECCION HIDRAULICA TIPO 2');

